,puuid,avg
0,-1q0v7rKfmdwiVVumZoMJW-AVimSYyai-ZoZo-cvnCwybxKGQH84pBwBEQLhZCKYKRFyEzv1_WlUyA,0.7300592621779355
1,-HTxi1bxqkGMFX3Vr6YvTkcdwU3Gr_W6tIstHkuxEaT5i-GP4EBgdZQTia7Hq1elKBN_FX9LKNCwnQ,1.5453498882135905
2,-KqHdLdVzse1xUKc4AwPOrIjDPKewoqh4OAdM2mVkmBnPs6aGegBumITtiq5bSWC2FAkmwWvy_UJ1g,1.1979277697366
3,-Obu2kJGgD96fk72meQo-N_FXyQmwUQ-k_YdCadgNpU8l0Ijb0RI8AdRHv4wxjoi6JIEkmTgsrJGRA,0.6556025420730952
4,-evHhIXn8yaTeZH7ptB203_-zcbbNdHqai0Q4qMfMF9WR8n6rpTeNuwI2Kye6h89TtK31ZhJAKU0kA,0.6578475900171523
5,-wGNHSluJoESDpBbkK-6p3WPCJMGK33tbqazRlztym6NHDyMQjYCXNIKTp_5h5L_wxdDitt2AyVoWQ,1.2183959180366788
6,0-vBfZgzjHlFBVEkkQKuheOAiEMJOn5YcYHPc2BySiiBNw_mzrMTFWDaEtlfMGMH-BOYZtKNsIlF-g,0.511332878456095
7,0C6hz7OKbvqj4efBevO4C6rARay0yzroBeToqvx2zNsvynxDsaViUYQWHXS_Hovrmsgmy8Rz3uTZfQ,0.564158170645844
8,0FGddeXECux7yjDuV_aWIMQk-rfg1byCZqMtVP1bvwpEvC7KhWuYKI-TBiS-V09MwFUPJ4e8bvJa6A,1.3327217962123448
9,0J7robZXY5pwsPM4mFCGL41UGSOzc3XHao6CTLDPSWWUKfOFHviI97aRsKurc27XYVnA9FiFhFAVfw,0.7106177420349221
10,0ZZdY-_1vdMMihXtlMldO4ZpmnkrEO-59lmkvrKv4Qy23Pskut0wc93VFHYPd35fd6SgZHBqQQ5YjQ,1.1073124088159252
11,0f24auOn_8wNmPjZoyDCvxg5SOjMSYwH-xWk4NZDOvPq0ZJbGrpyVOOz0HctS0f5qUViaQUMM-qkKw,0.929230424514722
12,0hf4xqWiGS6oPI3Q2jrMkmUs5NGmDG7YIPSPn6QZstX64rWfeR5qfSfW1PKUabbETZB9zE6i7MfU7A,1.0251450175691903
13,0tIbGe71NgHIXYIfzt2x10rb2Dl_GDkDLTESaIkYYIewyZkOQdxe7WEptWAIr3lUtlHjlDwpkore5A,1.0176592484316382
14,0uNrMjSw3t4UmmwqfdzgQ56RIWGy4jPznymPepEFEjpS10uTAbFo4_G1XK-0bSV6IwB8pBMcmZwEYw,0.868817064482632
15,115LdduPNEEo7oMvlOW7TYU3q_CM4K1bJTFJt8snE4PCpDUtzRXrROxcwXo-Br31JVGbIdrH6aVRFg,0.7045384969083499
16,1Az_blqSLkt8RswSJQxaZuUw_cWFuQLhlOS3mgg1SMB3UEnaJr4wZC0Kd1hkskqGZ1oRgD4ajHp-jA,0.82589886598158
17,1QdyySR-_c6eKsrRCbt7Ph7dxZWUF9qQ4x_q7RXNjbK3PjUHd2cfXlgZQVQBiMD0OU1cDBN9gZmr5g,1.0087316136217657
18,1RhaL0EJzYuWiJ45DRypEStpFTxW8OBqjKL0s0PpKaMj7ENGraqQow2N884PdlHyrN2A4PC222k3rA,0.4421809627761701
19,1bgRwms-RnlkJ2jH5fh2-L4UOicHmKizWtftHkeeIROjq6QB1z32zNyfVPbyblOEnzGz-Rk2t1oQcA,0.972142620477163
20,1ovnRbBnZ19j9TKynHzaWt6niUtjOh6tTnXI5Wk2fSVsm4120QjRHJkrjuv0HyaKy8dDaaSVsaJ4jw,1.220693053218379
21,1v8wzTTjYhoVOm4Ujbp4Q27ObjVfFk6-xZxEVe3u2OpdEYqe0MgS4zWvm-gH1Mm8ZMDbAR-gBfSiYw,0.7748747779502022
22,2B1DCjCKqcFaWejeoBNc-gs7UXiOnG7tqDL47-HQLC6CdCuCDNAGz3N7NpneyPUSpy8mCZzkfjsAMg,0.8802936815902496
23,2G6Kd2jldKQKRpMxsyvFIeobXBEPEluXzIGhWah_skAaZsABvCuVPA2vURuyHSq8BliC7Kvu0LpTyQ,1.0192640383988067
24,2Isoij0Q0I-apR5XgOeCwWIOILI-qec3N6oHxubz7TEL1MpSHTV1K8zRscmUEWhuoHfMjCYBtY-C-Q,1.11479544994076
25,2SPdA1SJHuTylOlPwuELM172dj4Vq5fqM3VO_W4YiAvc7ZgExPtotWPoCh87iAe3EXTmsBxyHR0DHA,0.6850107141081017
26,2Swj9MfMrjTCJV6yX3OQY-XZ4rulf10sNSZn1qbkaZfyVxLmaRBY5eHr0Wg6q0lbsOWKquA_VVTylw,0.7084621971192732
27,2fVXmKN58UOdhzqzR3nPSyTNy6_EkVRCicx-Cgnom6ki63LD4tDlY3Piu-gXq5QhoEI8suQCySv2ug,1.2325731953220764
28,2iLjKA4G9vs3DhZy8XbIdmjui_3Dk6n-PzqJp2q2CmmCuAXmk9oYN-brZwDJJz-TgXMZEsl_u6vwUA,0.5606224558173126
29,2mAklgT3imhw9qH18EEIGen3H1oX4nKxPPWHnnQbPMdbjp_GPwFGlaZhp5NRoL8zvDrMuDe_5Nal3w,1.2210386692388602
30,2no0YqubPaXol90orU3A7R-fgNKsE8LSgquiiaPMBV_68Twj1pVVfEVv6CwX_86Jzc7WSHZhAdqjFQ,0.7475760299940506
31,2wP_odgzUW1pAgRcauWyg_tarwYnMLTAS9Lu-HYDOxadkEFJODfTEVZYRuwHCfQPf1O_c28E7t63GQ,0.720244353841246
32,2x_lH8Iiqtf98vt_E0NyepGzFnyXFA954SdjNpPB69OLP3my0WWhaiRtkVBug-UvwHWiBOWSzFAUXA,1.1491786575360863
33,2zWdbu7qsRvVE6fwgKABfSjKvurhTX2CahxYj_GUOOZm7gEquRfvs-jvDzruAROdry1o9TAs5VoPBQ,0.6362070446631392
34,37FcSC4Tal1Jy96IicGB1hT2amfwBGCu6HVnkyMLShRpbAr0gynAZEbfQIC_mUNFsPMOdfV47ZchSg,0.999727504027011
35,3OHzrvJz0GYllASlQ0tLA3ttaNpkNOhEWqzPJZjpAlwOlqTKt6f2OFsB7cmQ7RZKuO8DJiDZslPXLw,0.7377864487587948
36,3QrCc2x_MTuV8tC7NrN5TP1scWMxO4r9fXr4mAbQOdxk4YSJY8crMM72_0990S-hr4W_-wWCZcuFNw,1.1588689114464223
37,3X80SgQMQ-KjVQe89EbAjwb3IoMUJrAKWNinDM4WbT2hIk76KyhusqamQkASfraN-pVEG_WDBCh6Vg,0.7946424722600984
38,3Z07S6p_mPqzqnAhuBS-hRmEPC_9w9T-jU_AiTKRIa_KrhEOLaCaE8PfEqtsUL4UFw0D7sYOPYX4wg,0.65226399488998
39,3kb5IjWMyrrrYuJk-TdSN4Ju5pDS0ju836Mxkh-OiVMZN_Qx0Td3qiAK1NjLj-rSRWq8HJA01HiLkQ,0.9231342728978729
40,3yJz8QyuzKeBBpOyUPaxD6DwimzNh6b1wBwvY_tE8rueK08GvTACnbb1acDt5KKWiof2POCn9_DDng,0.9491918977696443
41,3ywLYOOjn4Sx9mj7lnYg-n3lbdVLdv_7tHsO-dOBDxesy7e7rQ-SBlSEGjWx5-3lAa5xolqCKRGpqA,0.5162258162033833
42,41r9n5L8KTL4JZsLAP21F0CGFAXxb8HIaOqkFbdoW5z7mx8_4BEht5m9DjJ2e6BTbTLDNH16CRcGdg,0.6052077422290174
43,4Eib5AidVB-V-4klcVRQUqiHybNQMGqQF0a3TxsHhlIoI1YB-SzlLP33a5CBgDZUDnJLbu23xIux9A,1.0855681015898122
44,4iqUcFY1zs4yhZWUL8eggS7tTIhMwRiL5_ydasqqoTek1qkNkeJ35Da4X6DJpIcalKyV07sSbKGt7w,1.3170318823776923
45,55NBgj6tNoH6Sam6GB3kG_sMVJThaKA60g5l0HchILeQE2SqEN_fZDE6fRS-R979z27DBLB1b-ewYw,1.2319096424805467
46,5TUiZSOcuEEr5v3yFOVHj57g3IRDT7jAEMwZdkc2YNqe0iYAb1905JTP2w3Bbb4MIYy8e-aTP6nyvQ,1.4255241351999828
47,5UX3VUdhDYb5SCp-2iLme363QDjd1CIAoTNlkLj6BZTPh2jV6rIHktqgiz3dbXdIewf-MA9QmRNS9w,1.293256754167121
48,5X847_WK-0suMnY8YhFcs57v_DZqT2wyUCg5KgWKUoWKyjjv6MTelkoW-Fx__uSvOGJalO86_h47bQ,1.2248536356482282
49,5h9T7BwKbGxGnBbgwsh4HoeiQoryn86JuDZ_7QLs90XWi1-rVHeujzHBV2bRKVaAtZytkdGZ5o7zKA,1.046453982058275
50,5u20R2df2tCxE1wB1Iw9cP3ZqjUMf3JAYopR2oCp8aQIM97i9BS_9Yv2H7TR_DzYy-CrzLq6b_WxcA,0.5252699087344023
51,61yVUv02zlKJ0rC7qwmnnFpqkwt6BiCd2IUpo7d1kDgRiyHtKZ6HRzN9gXjwkg-B5jNkGmAPFRylvw,0.6043584937768552
52,6HXLDkpDe5OS2czG7uKj9ex1NAOQwNNh4_vJvc3TMIk5ijy6r-8UQhUp-1b6ru3x3-_PzDH1UoGMEg,0.6292708335757499
53,6Qtq6wNoUdTO8ku08hL2G13ERN6gt7k8ZPgIsjVYu9lnRVrPz8a4Je9OdCgMtOVo-WkGXABlTfP-vA,0.8376882907143495
54,6xw16E6VdZMsDyarRecSIDZtLTEWUkJeUpRBp39QnLoEJfaHlx3ZCrb0Sx2sEVx-8g1kM6IHSndryg,1.143825699108769
55,72oMg8CA_65bl9bu8ElVPiTVNb59mAJf1F38XBuUDPae0OcVrbelGwMWn6uTkDecbPZB73X8KydSUw,1.0887443604908718
56,7K8gofbgDr0lxEDRVXaWe-Wvw7-QNAfNdLRNchV082xT9ph8MqAURgH3oRSoyHfgbN4lSRRM6jFGgQ,0.5435131203861363
57,7OoxLWea2UQcNKgsCN2WsrzKUYfptOu3YolqDge-HTs09tRgn53Vk9Lcp-Iw5Mf9xSeplVbAxSwOjA,0.5907092004092933
58,7QsVrchNCFT29aXJGVnVc78cS7kHxlNxGZpf5aWJJkANmdXPZh_fxLSHfayeGzVqVcqFLRmcQ548Pw,1.0206231956228673
59,7YTVDpgLGDoxu3txnoWsLe0uTbBhC1X5yLrNscJUfMZRS9tNIIKuY99KClKZiofLgw-JcU0Iu7vChw,0.5602133947214182
60,7jrMd-C7N5EEC7z-PADAukNmPXdiExa1AKAQQIWRwyeOJ2apcPzrbEAy2bSjnaAJ84vE5Hk9aHLROw,1.2971567851797237
61,7s9YP2sZWJnQSnL4h9Y7VWzJw2jjHbMG_k_jSTDpyMhh8LZIM3Y7jMQKYS0A40mZrJnltDU1_aGYCw,0.6451854399201749
62,7ybAgdV9JwGQKOiTopLVbU2pMmv4uwFSokOtswCCyKM7DL3XyKwyDnQwPx_IlnSYd4U385dw6N-TcQ,1.1988125539688532
63,80HGH5u9RmfkmD5weUf1ZqGU6O4yP0qzfbgM-Xr3RFtZwCb2QwX2s_ULh7w32aU4-TJ7GuVtsr-mYQ,0.6634290125772081
64,81EtRpi83BKzQv-RGpVu5zzBHYmDphLwaEau9TZ8OGuOqAU8Oy1nRiomU8XXo47GheSHbnivcn8fzw,0.9213939513409933
65,87Bsu2Yh5dPVwknA66LKBKAO0OT-hYIZI21qDlJ6eZn5fF3MNguiZXrRkbXhGtuND4novQrfAAUtGg,0.6247145095729802
66,8Ap42IySgoo3AlKD1oer6OSTYEQLy5OwEq9I2OcdnHV0fFTM-rlv8TsUDKvW0QymP2jn9kFZenDRVg,0.9389977113023066
67,8DR0kUqlFjZD7e1qYQ8y4mwxDiQGCxUrwRLZDcQvHCffUcrH3atQXWRwHH1i-jfbZjOCypvO88mKkQ,0.47751041910870534
68,8I6WCMNgR6zoXmo2f9O25qAi5QkSerbTKgnz35_TA0HGhbzMSLON8EDPFVb_s2I9UTE1LF1KCLTRog,0.6453697546418776
69,8NY0xa7My5sgZg1NU8hfA4LdegnCAtqS3CN8EKM0JQK-IP_MjXRT5wAkT-8fdNph8qGVlv68O1rFyg,1.3617290892934324
70,8OYA2St5n-5M8tUycR1QME0Aop3vakpONrFoQVYsynx5v8UcqhKtqjovsVpbLIkC9iZcNHsm4VUnAg,0.6602395572692998
71,8WW9ZuD67ATwcOHqT1KYB4Hqa1CSHx2S10CkiCwVa_AJBmJi9bGlUg1_2doqpxilEeNzWj7FSR_2gA,1.089330403275396
72,8XRioG577bSUEWiO4OZZKUtQyoyFa8Tt65UAiBCkZJ6kVN2dH70myOCPhiP_sbQxAzkyoMPb05sykg,1.064541250572418
73,8gmLjQNi1M9reybhLnfFU4vUMxiiCM5aT9qVSfhYz5Rzj1uQOi0GQp5oSQ4dCmFqdAqbhm1-Hut9jg,0.625485701614977
74,8jZZlXzJ22lI1If4lSMr3tbydin1f19Lf8oI9sW0kWHzYZ2SlDFcY4_RB4w01wkPCc7nNAdY1SX1Aw,1.2310315468753517
75,92oUFY85AenMCPXUOSyXVC6IJZqe2ionYD9LHjR39-ndNVQcE8klCZ6en94QfNpgSrw8uBVVWQ-r0Q,0.6697877516478733
76,95MZrnpUDx4FXpxWVlCnV5-WI2_HUWwKuyhEeQQQQnvvkfUaHJf_nKmE-N6G1YhCF2ylqRpvHzMR2A,0.6383886628157245
77,96sXgrjFXLkJRDaMxhoK0yr3jRuppb_stF4LXF1YTOJZ-sxj2y8fEX9xHO-sxja9mvIXe5fGbzhgEg,1.441071927295705
78,974rcqaamjIgIwnD3HtnMnrwY53MQ65eBdupxKVTsc36AuS4Rh-JNkki4XDIkSN4LlfF-hmthtuS4g,0.7830540555236233
79,9bvLZAf2dn7nGohFRagmFfilxOEfMeZniHz_-QmPbkCs6BHilMZHlbGug7kEkJADOf1fqv7pzE_Jxg,0.6908621217431267
80,9g8gWc-DpX7-MDIHRj4Lgo8DQZiRtdmnQQ8PLqWEuIWqHJxphVE8JfDPF13NP3As82xV1HFGGLzuyQ,1.1991876681451774
81,9jmCoYTA2vJXLRmktlZaZxz2xId8p8J5hYdo0rQ5qGSQAmv9lnbkAO5IC67lxVBG39t6AEJ_V8WpQQ,1.2761260108927375
82,9ksSN-hY27akZmhv26VRG99W-yBlRfzLCIB1S3psu3Y4KqcVdSOiVhEpn2DmXLw87xTWML0UQH9RGA,0.9568925600294909
83,9r8Xr71dU3hD5EaootEf3fMhXz7JMfieQqTeATnnqdZi9SjOB-llujKZTK1SihVezkF-29dcTPDfLg,0.8527409947109116
84,9xoNwHmWO-RHxDu83w1V4NVKJIY3KLZcyI7wFlh1pvNId9wdDmfh8dKz_SmyKrivvqRmYhTapTcYTA,0.4578419418683401
85,9yDUTaffiflJKs1VsY_DB6oQjkLTTFEnNwcv8_X2l2ZK3LjSUCkQPdGE0W1v4tF35RlOmfF5lhoRSw,1.028753926985855
86,AJ0g9_p7ZZXtsZmPzc6AtB5sV-jHHZf9M_tguDZF7GX5VWLnYvGHaz6EJv9hpRHqRXjML11yZ96p8A,0.9864701461739918
87,AToesu_pn5MyBM_jgod-ljKKIprugC9tncnFwlj1ACPSLIC72G8e07AaGMs_Z6AI3SQC_z4s0NopLw,1.0059833274052703
88,AXeDZREKdKpprtwegEgq8kOWbYHrjuV_1-vyEVpOVhAphO_5EoC9LDQaO519_friP3WEj9z_Jxik0g,0.9324502516577571
89,Ab8gir2fCL1-AUfoLJ3Gr2-uozzrB2JbDlyA01JwYMY8Squ3edTMvGrMT2GqIa7wEgCwRDppb9PPew,0.8227603230067977
90,AfDaRpwbdca8gngIhoIWNDtRN65-thSBnCiOUL81QUPw8GQi0cYkABihzMiL16heKrW5qYQyyLN0ew,1.2473621178140837
91,AiAO3oTqS_gKK8owQyxgfav_GMa8iRVgQvlP3Bi8dxlEpumdQkkrca7BsuLzrFnzXs1SWwUjxasvUA,0.8097546535082177
92,Akir9GRZIEgX5nIu8M8-6w7T2YR_pe4HChMW3wT3NvVlFXxc4d3L6aiNaaRjatM61jJc63yaQ8udWA,0.7869799023609068
93,AnNj23XsDPYZGocgDsdPNHUlmMIRl1gna4uyoFK05ECYIBiJDaV26mvoMovAGklsOeJZbuXOTk_aTw,0.7955707451899429
94,AyxeXOjBhtQbgYTJbXzAPZzB4xuCtRgf6uPCgdwfSEpdPpleX7SV_91o3bONnvVMSYWhD6SEgmLmOg,0.8662264184432342
95,B2Ba1PFv1KUDTqpqHXS4qaRhpkTBmkPI4TDl6Oq3Mm8ZPMJXwrEr4PZXuLjT-d-RXrNovVSLqZmAkA,1.160315694195517
96,BBwmhTq332aQ1YLioxLW3KoldYHhP30S2Gdqsxt55Br1VxpkeRAhSOqNQXt9qFXj4sGvXykauZJCYQ,1.143335890454733
97,BJJHGyUqVlq7yheYZX4vE_We5gSAis128OP7nUwCJ-ymmpNhq68XOt6ce4tzrNAzEVx4l4hINSOX1w,1.223489942047721
98,BXYKvmpGRtX7lRJg8FeK28Eil9XS3oF55FOcY2GxQjoWG7XPNXjuSM61PMADe8ERqXDcx8HcaRd7ZQ,1.1209264447050056
99,BjCz1KXcpKb1CrcyF1GXx7yAQaPrv-q21M6txbxYqjXbnYsEo4a-OechiPPajQ5HqCoWAg2cMl9YKQ,0.8705305513080547
100,Bv9dQjPDuIxgzngeWs0zkx04pSmzzD1-xms4jBOvY3XRAdYuNrJslCOAfOuI2QiNjTAQh8alULvPtA,1.112963543115645
101,BxKbLBpYAmXStjk4G-u9bCB24PgsEgF9Jz3Gl4SccCuTpX0qH3Y_esD2PnsJt4ksEps-TKtvzfFmJA,1.1319016693704502
102,CFem2wmzK48N1O8DqmTina44ZLr2sJGgxS28YEYM1PtqdPoo3TQ5bgt-_Pxlx6vU9RCOoMKNWczmrA,0.9345173094553816
103,Chl40tSOkTsyz30VSueBANOMZe2GYIBddRSAak7BesClHn1UjKNmH9A9-b9qUCw8BqPd5xZA5865Pw,0.8134241020432046
104,Cjj7HP-4TugDjtUrROPvucdNOLmozWF6oKmTWzadrE-R9glWjyWTggnaZlSRoEIRHfpyq6-sZh0kVw,1.4982734248246845
105,D-3s15Ow1vzfUxPwo0Jpzj8KvxFVlOzyWsL_oKFkBlhtwjhF4Q9Nrqc3N2mAzQJGjkO2SHeD4sv_Sg,1.1094265440815836
106,D8nT1YvzrQLhbuzkhnHEv521gycRzCebqPmh9wYmkKywioDiaNMSyD2mxMHbU2LNc15yAVJenRwIzA,1.24964878882832
107,D9QVkyT5O9gSBijuTbxhnSukdBTyl7NbKbtY1ThdHn_q7vrDMfidykl_E6g7696I8dTS8XR_J8t7sg,1.0460694354187832
108,DMcI-7EJ8mKmtthkWU8ikuq8t04ntkn6vgt084hzHNurbTQps9G0x_sjervTp_D2xnCmSJHhuTb-Dg,0.8383164266177028
109,DRcyNbAlRvdQPaPNmfvt7P_jpgdB0yGW2-di8VbIhNTjydgStZhRl8UBvP8CUbokZticwWcgEAGB_w,0.8926322952115144
110,Dd7w9dzbqLpMvhS8b6Jh6jWE0U5gP6F6pwZfPQZvUBnFPZ1mELKITGu5A5em68seSI2OsMozxgjguA,1.073334869082736
111,Df7tvVMcvBQKoDpKAThHLZacZ32lt6Rg7oe8O7yir90PeNcl_r7deJ36P1xyv0fkEDz9mu_ezvxaIw,1.1547254254478903
112,Dn-jCfd_O700O9W2JMeEUhwG9_febj70DeNvRG1CSDW7tqNoXmmZCLWZ-G4XB8WjKwsRnJwNJu6JQg,1.045582517041558
113,E-RLgxNiDPa1WtGIg3m5b_a0syG6fJEtPAVIJ6heDUXdZASPdbD37wCxGRgI3S1OYqOj0TfByavVAg,1.032100374411205
114,E8O9ewsr-Wc93Y_4iK9WnrJ04ZD88TdOGTI1he6A9U63gmc7swGqnWuNDxRAv1U8Tq66jOk0u1k6PQ,0.8743031469455081
115,E8nQQFNgfZZsIRp6m_V5AYCvfuabeBJn0FEbqHlgz8282NxNGFX3teD7eEifSeXPHBXvcfBPjvJjzA,0.8598780533772018
116,EJ_0VgfeCfL06PPFmDVYJJN38WrpHNIN5bdM6nBpwwPTZU2NShwYaSn8Gf6KmRq0grpF3Czb6fbl4w,0.6649103765832157
117,EPW135rxei-dGEkwQ7sC8JekATUygdzXOWOZx2GJebRAuUuyJBKt3L2vFU1qxpTg7z_Kr4XeOavZzw,1.4012881504492978
118,EUnnvLFWg7_Un6GaIo_qETKfv8SvdnhUgzgJmI1aWfT7_XNRJaBpsTrfBaJk8ZgC9ngvSIULDHTQXQ,0.64361285661378
119,EUplzuh1-SBJSFKObrfiSC2n_cAtRhxnxh4iBoOUddSzA5sepTz3z6dsd4wlfbWxK_TjJFq4rR0k6Q,0.5676339288559382
120,EW-NrTBqIs3bq5kj37EXzubM6Wgml3Yvzt2v2f6DMqjkUAc7GP24yC6JVUOBIXrf8sGj4MCUrjATlQ,0.5537491231963015
121,EgNCWwHOruJizNvHXAeIGWSsUTzN_jj5ab6qW-y8Zoq7eiFWX9ijShuG7-5a2i3u60-ET5giYmSwLg,0.5837799453624953
122,Eix9Q0YF0M3Yn0aDEnOke5Syf1p-JQeyt-Vb8JGP9hNrb5XjF90Ao-y1Sfcp24PovBMGC2PnZdCJDA,1.3105143931221275
123,EppYckJv_Moa7V0K1ewZqPb1aqpIFYvG7Loy3o-Ed5FY6mKhKlMdhXiFAiYkOWP9n-DgtDc5E_S1hg,0.9746247689009526
124,EqrahSMpMtPTStSxzV1Sxvv06KFdxtzDtQMM73ntg99KofhtuKLL5DIF6_U8tFZCqQeZlNPHb1NrBg,1.2759317945564732
125,FIxEJQm7TwU3OX2HDi-eX2mYAekK7fcDiiEtODP57A_H-r4s51cK0HehFCJSPQYnbLisRjcFfVunkg,0.9347778737638267
126,FR4aeCCFO-WXKWmj0-trLO1hTn7uniw7WF-wmwAmC-DKHTnOp3w9AhV8SAeh9x4VTQCsTtC6dKY6sQ,1.2217667565146568
127,FSoPMAodbF6vfx1X6oPcyaDwIDtRXkKwmls0XvmA4WJAbdzCf6h4ND_LAY5E2pQ3On3I7mivK4KDVw,0.9344734157745728
128,FYVwGpVWsSzgo6rLlrbjEbWwJVE8TkSwRze5SkRhp2vZFWEqX9H_Xpf-pFYSKQbGqdZITw3q0jBGuw,0.6671233952034598
129,G334yuAJaeckqeqt6P_53wQGEpR09IyYB5WtSxfOMpLlt8Ed6jpDw8qC3AXW0uzyv0Xoe-OIb_JA9g,0.9988675617359905
130,G99sWHxkrshbWHCxBxJ1IHANMZ1Jj9vaUBQ7BXgQiXSyNB2H_ImiXRQWF5D8_r6JZtXgkW2qSNxZyQ,0.8734934883130768
131,GDHoPscKMJoQkbKTuwJxat2rzPQ8-_Xt6SjufYayocTwPj5OSToq3vdORRY9o2YxRvXLnlEgCjvtwA,0.6057088857809741
132,GHspr0szmrJlaDJRR-tH7kMCZHpuhsub4Jwypp02366HsVdDO6OKnt0Hvr-8hJp5enuijT3xqVESwg,0.9981370822586063
133,GVTLoEKN08tFFWRnSiogQ9-Pxk-k21HfgjnA7Nr2N4Cr2hpApzSedwfxWkYOC_MegYUhCpHkbYtyTQ,0.6469411679060241
134,GX7TTkty0qNtikcmvOSf51efvOlhYL4H6Lk3szm8V0RyDf4iHnNy0eGKgExKKc8_H8V0FdqziCtb_A,1.0318842731637656
135,GZTrvrEj-vfYjSebjlf7JJ3K-JjAgUfzF3ZsoM2Py_bvhNK7pr4Gfo3LqJr7xBz6xvpMyydGU2jMdQ,1.1602597465515572
136,GepfGuZNykCuP2DvCz30yJLwkws7mbuu3yIxUEHHqucOY8c-qQYZo4A5aedAdCZvj5mYgPttqkB2oQ,0.6493018256301025
137,GxF5F-vth86Gjwq0VC_yrtTC2OhIeNTwr3t42E7PfSG2jFHvJuprIABhD20LeIy9cAJyv8tQ9ah_xg,1.3244117953832542
138,H21oY-iIYtZg9wu-U_7-BSA0WWz_AjojSD1PzX-JS2upuiNEPRLSHBKZ-7QxNbouENQ-fKzCbxo7CQ,1.0933892566297845
139,H81KEUW479JalR_mnnwrn1bgV868wgOTJ9vwDOQYBs2PyjYzN5PzsX76k0GP3bCaEsKZDkeTEoLsbQ,0.72804805339561
140,H8tGfvNu7U39ZMvJV5ZZMlANISkJdHLh5eEbnyrnsXfebWaF3xGOpxb3--M7rXLSWNPDuQECuda0kg,1.383381508683843
141,HY0fZg1rumlHXspU0IWnnkGh3utWxTok0JOcQuBlbnujDTU6BaPERZQsatZdcGRfjwJ8EsqSw3tXfQ,0.703670749141175
142,HfO1z5VA1SoxNpTTmfjNoKfmY03mapMSd63ucFWNo5rhXgJQEP_0IbQePdR2cAm1nZ8Ib-2q6ZqO2A,1.2205911342945304
143,Hg-n7xluyTNQZhy9tAIHCFa9nTm5y_OjrWhrDHrdws2AgwuPXQzx-6RhG-Qzv0X4-se44IXDTGXYMg,1.0385878238393798
144,Hg6mQq_0SVldo5hABKx6EoCmnt3eAuPkkhiKtlu6uqX5qSNTiXbbgM82qwCDz8V4KXA7bkywlfZZJg,0.952163106739785
145,HnnI2uMDkeZiTZn76hs8ETbvtbIy2LE4Gawe8N8wFYWrL-68mOlQN0vh3YRyi85RBKtrraIJcU4CWA,1.0854708423997315
146,HtOBTuTHC1jTLFCcFMnyQpo0cUzaFgNbUNv8ZNdP7FkoRhlvEOnws7wRnsVbSq_TyamCkCQRHgtDNw,0.8056189761096001
147,Hujz-NBNy4GQBnYDJRj41bMs5tJQhYHP5yzKmYw5685XR-9qLDBLHFCNb0TAFtYx04a79siR68OUoQ,0.6773024673085658
148,I40fhUE5n_MLgXn0O19igyHBgTLlVqI9oxogYQtSlskjxM16-sgsPBSA4we03qK54jAYQ0jpTB5hdA,0.9861641593928067
149,I9p_Dj2EgCxTgqgVqxkw9vBUbNG-nw5WkGCRluOxqEqLdus1A9csiNxRG8O7MrT7GB6SSgfrQzogjA,1.228721374128634
150,IK85EjxFdHaKdt4HynaBpboQ0wKH3HM7RP2y2z2djz2kjsR5OFtX-z2IT1QEi8a0PDafoQsfCLuiZA,1.1230738937958038
151,IaAnyYhrfOP80qoNMMbltmmRY6Yt9vK_VuXjlxFeLYiP50Zv9Og4pRM5JIC16eNp-W1kMjdOiJjL6A,0.5757053802792547
152,IbjQU8t3V4hOrEPAv0NTE6By_EhPdl1_hsS78p2jLmEA6V9geVmyoiQ0rokFD_VE9Y78hQ6FzUbNoA,0.7490539576033797
153,IhRXlN-5tFvu2FPNTRsbbcb7feNnD93sappP3BVC_2ULjEHAyd2mVmcH4CcAJ_pu3RJdZAcPTr45Cg,0.6286686221265213
154,IkFeChmBX6_nE1faalKAxfgqXJpzzt9VobjIJX0xVprGWyEuOFtCsyWPtXL59VG-ynfVBH5AkvAcvw,1.100895605420157
155,InbFAUhThfHLAEraP9hgJbYBFnzgzXAd06uQyOaoLZfqGb0NK5i0NyeTfS3BIlzvGt9IPuGhJlx0Sw,0.7533050275887159
156,Ixv-YurV26kNe__U9Piiv4n9j4mMbFp9iDjenwa5uICdr9atHxaGylf86bxqV3wp76VVYBCFq4pQRw,1.1096273930002225
157,J4p5Y4xdRAjiizTXCYlaLwnteJuHf7U6vTbt2uSANq7odS9gz_hrJtg3FHnRQU0qAd2-VrIUUCSAiw,0.6022223371689163
158,J6BInEAGkKikM18jEh9YexbQ7UiTWwpkLmuiEvoj727grx9ki-cMq_X5MFpybLLnk9czZqDuaQUWoA,1.0833443520097625
159,JCVOTj3Cje_y5Y0TqWp0vlBGC9yYkAKksyLi15Wlz5K0tc64Co6dzAHl_ZySBusJZ1k76sHirOEd3Q,0.952106020112169
160,JEDP0RcQ0ICb_89jqUWIYxHA1Iu7KhDRGziapIRktZNsszd97wa-3AxADqbZrlicsan57rDAGB-J6g,1.3088393748323954
161,JNBxwzNd7ssdcbqolrIs-R_naEeFMetPZURIpiTFyuN3YYsV7cNT_AMrNCgj6AjSyqKfMlHHTL7mPA,0.9182041094965531
162,JPmz1doE5qK3A9zZYeS_NmNefX6XeMRPmFFet8JA_C9oaK9m0HzysVN_F9fbYJUufmJ3VLS-GhyVTA,1.1148756911155582
163,JVMftcw8GgAjk0qwStHrq8aWroD5yPAmrBRkeS28tvGT1iNQk6PjaonDAkIYDaOwcAgRzpMu0-h0Mg,1.0241591861370878
164,JaeAh-ORtyupS1BTRVG-oOT93SpkG7pXXNEWcAfy-rz38Icibye4yH2RrXoRAPH-A0iU8O5jWR7vaA,1.1371697202433269
165,Jd_4l_5I5qYmkE4ip1LqVtPdAfLdK191c9LlDCRMuOvzOQUaBZBFF_XtVvGa559gs8n-Dp1p8D13Mw,1.104522500896788
166,JpGfEEnCX5Fg_NltXuukpg6oJfCRLOv4aKbkHCt7oyK1v9adhBEPWXaZnfH8XNGBATglh1vwezav2g,0.7336903993473722
167,Jt8Qrsm2Mv9aMMz_NCzejYYmz2O1VP2i4iPcjqB8VHcVPymxLu3zP6ygP0MuvPylUShK_Gw4dWQaJw,0.747523550866744
168,K0DGQpsB2lrdl19E13LdJfm3k4-9RbaVPmO_mCHxjWeW7TXfBY-LYOTCzC0-N8INgIZK99grmGbsXg,1.170471592661768
169,K0Znco9UGWe9eecv_fRIvEXEFHvB6qDH7aPCzhL30xyAAdFYp65XXm_tbbII9djzwEYyLvClEMZ6lw,1.1836947243488083
170,K5OiKSUdLxoLal9fjSfrWIvV8_V5EgYxqHgFuIXi-VVuaEuMfmeghgXqwdq84lRCykVjDUAA9ePb6w,0.6648303719991054
171,K9qZRqhsSgVoOe-t6sr97zo4IgGNICM3bCzOx7L4NbDIffp38tSgVrkTteIj3B269vs_Is1gP41q-Q,0.5096381543039011
172,KDtX0VtahO1QsrxROVeZFjvu-1T3H-35De-gCTZal2K-NRztKBeJaRWar9noq99s1YyoOroAJlOxDg,0.9318961438443277
173,KPL5CmBH9C-ue_Jivp1XMIXNwXF0BC-SRLUSlG2NKUwhdB_OG5OPtx3RrdYU-A035mUFUe4cndaxGw,0.8526789676683051
174,Kak8fVLUg-IU41ZQAdDe-gCA4h-3lLSnGm6PeQV7luFmFxRoDNRRlmJjVWTPwCJNZQ1VWAJw1YmAeQ,0.6846113074855862
175,Kc2dEZUkI0ACp7ndHMarrN64Hke1rfAaoCtVuBh27zXWNxSJ4O8UjQ68nR5LYPg4-tt9N_jVS50Alg,0.6824903460317379
176,KlpASUVZn2CzY8bSqazFTl3HOIizALG6O255CPpPpXIHMXypYH_N2GcDNHHSB-WpyqFVbqpehZ7ZzA,1.177427048819239
177,KmCejUMFChkvYEweFtxD1YtiAm2K4Qg0UDxae-RiBchem3maiktJZnjaoAKiwuxgoyT4rsWESitHjA,1.177345119246249
178,Ks2VcCXFI328xSEYkbXdUo-gKgw_uUN1huCly50d-oT7xqmLsgx4hnAGnXuX_iLU4Xrw3FqSDp4SXQ,0.6820933298045502
179,L5J22yTiXizoCc0tiIfdRCvHj0IGVscs-jO5fzSfXK4vPPjbDZkipGrV8LE4WRBY5uF12vdU8-QDMw,0.6302332124904186
180,LG1-puB1b9mFD3rsWdDEgimrtY_v2VXxkalXM5Ely8yQzZMToTGw8MMGQt9SbdCjNStltz7hB-zAQQ,0.7349611784838704
181,LmWShTdyu3uSLh-zgkbsjR-0yhIL_n_ziMWPaUBlbf5UJdtRpdsSvPiNoPfCUO-dzoO8SMKuzNkqOQ,1.1440478127521791
182,M3vVNAVNYqDX9Sry-4boHDsH42xHAjE_lDE0y2TSSWMvQGy4ehd_aV6PsrxJZkKQWrlpwlxwGDCOLQ,0.8503029795486832
183,M7OtLtb_JRfvhzbaxzIgh7MvN0lC41LkXUtFOTOrb9i4vipTrbOQ64TXQw882obNOdJxheERj6J6HQ,1.4529882940164185
184,MZ9wIKP7pemOTrgIpyR2SCTyh1NL5odJtJdG8jgX8wgSe4rB9CZsHH9MvLYCwCbbJLRYsOabQEdpNQ,1.0762978687956652
185,MbCPxZzX1Od6I-wJ_vOkTM95_LA4JVw9CwFqfw1xTPZtk_SGmznXDRKB7T8cH245GJxZKxt3iNFJ4Q,0.6312040238236578
186,MggQBTP0kSOZerForpgEXntegUQkem27IzJic1QzqUNWadS9u7V4kp-w_ihaMaVLOk8ClDtOO2tr2Q,0.8301752921300145
187,MhQJllLEXUpPD1KGd8xilg9n7KHyjWxYZsX3L8bbyTnaElD9SoVTbSKnDbjSJbVvjsWW1gtSuv_kEQ,1.1293659322100815
188,Miv-QrE7zK9vIaKLjF4BKyeiI6roXg9430FlKKS7n-etiPBI3a7sv0W_qGmDaAUdbCO73LR_W7NlYw,0.7169059355152952
189,Ml1GJCjAFMkQYhVC2RC7iEh5pmZRz6FU2z3_RCFRJQwW2ZLL9EDixyXuixEw2ulHKE6mdanjNVNsIg,1.046544370051
190,N1Xj_pBamAXu7uZeVLQV7WtV3ePrdJsL4h-WFXBlGSrjkBi6BPqpVd-lpAauhqrKjC-1lawwmcOQmg,1.059414505049694
191,N3xSq3QRRmw-0KgXRC3APtkfnlSpZUSbDlIdjnu5lfowJSEIa3iA5qi32yD9_vBoR_MnrqgCut9XKA,0.7154231002398982
192,N8B1Pt8Pq7NL9_2pALgf17Q-BEcbEVYJMewpto6N2xnIvuBgoPa93Gp9lqTS1yVQxSLiAkcQTNcshA,0.7065115713888527
193,N8wd5aYjZf5pZopZtQ2xct0lzQMdV48rc4yYO0BQzOyKiixdW__GEKCiXPzY8ch0BTZljrItez7cxQ,1.2005835811560637
194,N9BD8v_mgnr9r2o9y4FNwxR5-g50s3ybI-eEh5KAU1LoZmTKeKIL_oOqFl_KUZjpHa9JTh_ooxRJLQ,0.8251592845536166
195,NXUJOfr3AHlHsG2jLb89fH1Wcdc9ONu0ByLDBJGgJZHvluP-yB20crDL9IK_bh6E-fWYk9SPL-R0yg,0.7192471904783845
196,NY4CiTKRNhQS9dE4RluWJi-u_Zdj8SiIB1DlmQmBolyK1CPv6ErWisRrbZ2Q5_Fl4Oinr_VVsF8mSQ,1.1212229933313487
197,NbhMki0HEWEvGimRgbwNq7KcAZDTlHJMphFZ84mkHvUfyWsygiQh_YIq-sSNVSeNJTPg2302A6qwTQ,0.902860030244283
198,Ncdm3CU0K_it2hSv_hOW3Qa3fJV1TeFiV5DVkNvzhN7JiFg2s5oQ7POQ58hxPVjoGYTf9QkSkxL_BQ,0.4560779337314976
199,NjWOOFWJcdAUcxEGxI_DbpAwtKfl97VgQjiVpsnT3EZ3amzs1-stxRESGtfRPaGdS18CB-j3aHZWcw,0.6288314393604532
200,Nk0qQgPpMOA7MRLbk570on5l9qH6nGEVmXMFbKw1m2EiOystwEWmSvrmJlTkuiBNVq3k46jdN3Mlmg,0.935489412325764
201,NkbyQUk0xX_4jnX6VhYZDp6jvZvMyCfti1-46jELcnVhihAz4o9NYg9sXZzWlzuOIqpX3tn_wbzhrw,1.3887620353921895
202,NoTN0VsxLDRe_KBXD_kwGfpRcbkdWJzi3Wz0fbYN-pmzjy28cwVAHaxc2RlLM6iaQl_qZaA2AVCS5Q,0.7322683949141152
203,Np6Xh-4oIay-n9pLcUX3mY6WkX6sjFFxaJNW7reeY1hq1r9sSdpPUEacUwM-xgsA4g9Igf22v8kGwg,1.0884032169582012
204,Nw3g8VpMwS1cRvdIfuYsOHJS55SBzHUdxKDmQFzgVrCcgqx3uhviWmDsFPyVzgUbLy4gUXzx53Rnaw,1.0439578377474974
205,OBOstqo3kJKTLVpuuRlcnERy4HdIzqtbS9-fpR043QmHL3S5Ek9ewcpS9E3LxHQ262aSHYaZTnTXbw,0.5686969149981592
206,ODpqEzjsZG6LW2RijGnyqc1zYjxecFP_CRPGdmCWJJe0xIIqFFPRicVE0Uzgm8ieVxb8cjkrSKeLSw,0.7876675532242859
207,OFQ23yjFjZ-Z6lctsJzIDpHJ4Z6kzjgw7LWVUd1TYyVshSWYVOBA8PufzRs6-2xj9QpW_eV3GBgQzA,1.1770139198938354
208,OH1Qs3x-KqXTrdRqDo6XbpSHUQKGQ-M0OD_aHKyGNkzczaBUPZVcIWO0PUWlygc-hzJ6WJI_U6_wdA,0.5670180007386606
209,OQ-QqqDmM-GexbMo0t2PocJ_9-VNRoj7gBEHh1EgIE1Ow8oVXazZ3fBjHMbTonRL_ynEgSK7enI27g,0.7401989590223589
210,ORhsLvbRSP4knnLS4aK-o7ixXqYY-oeejNwHkeMvQOTsXmuQ9ZfTuj5MWcBBe5OhzQBmo6ppOMNEzQ,0.9849886623243921
211,ObLOw9I7XQG9-1s5zKQvKGsqIXENTZUh8qRd8glCZU8EeQAsqpgoFbF7_BK87yjiqCws2gOuqys7qQ,1.3129633949309873
212,OjeJVkxMfHXq0H7uKiVviZhrlFyQWT8Hrmfkp0U3ffSXTiNU0BuJu1vF5lNN_ODIQv20C2b2HbPrew,0.935236201306883
213,OwxbJ6uZr9G_ZcdY5sxRxKHKS2YOsshyTi3NntXG46rmvvqVi5xdH5IW5B-krQKM1FN33Qwe972x1g,1.1883430649154414
214,P1P7qrOotmsSXsQSCOeW60PCc6IOF2KQfmdKLJLMcBkxgBHwHoSrfUDUWthmLbSGgnnV_zw7dhtbkg,0.5691194243466711
215,P30qcCA-CyEuTxVewDgBqlyDpUZ251sJ0IpULh60OUtvPrncZSvQQFRhoElkBmbBR-xrDKISzL2ycw,1.1049765926293125
216,P3_1T0zJJ0Kda_4hLebYQNhUa5ff41_xn-w_5_FvVkBB-Uj0oft8EtYpQGeObmqEh8WOZR8GQ2jz5g,1.2900692940411316
217,P9K49c6p4C2DvsyfwpMw4RGWfe4PvJy4FCM77zXnsMz8nKfudw1A0UmC0VPYywqyhdAP1LjX4lQVFg,1.0773902256034178
218,P9Z_5Q151mlqjNnwxVcmqB13fLN9xhcJ71TB01FXA3FKSilMkl_xc_bkq8T0jiSghEvQikzO_9avgA,1.0376352407835083
219,PAdPx34CF3Ch9y3pNyNY_-101NcbKdhrpp9wozmYIORCL8ds3JFWrQ7at9G_aK6uOPTWNgT3LJ1slw,1.1308263708514887
220,PBhFcqyKF-YqKdgvhsTWuGH6U2bO2_2b0bK5AQZrUBDt0-e8zOsrB6YrcZIEa9B9vvd2k8IgShrE1g,0.5742041196911893
221,PLJwWPWdGwts_6WbWkxlp9T84Xpg09P_pzXe4cvR26jVzZPV8_xqBTaUEWQEX0DLzc-HbHS5AM2Cag,1.1276201942570745
222,PiSlFoZLgQ2kR8GIbIbwTWx3wdOvEIMUvsSDt5jm_OinPEwNddsDNDmfktuj38MXMQ88D5jPpB9a3A,1.1147751704824571
223,Plo2Q0wDGo88fr5vcUwJhxgMR2ZPbYQ3qSvCUm1PSxVxpGbXix2D7fZ867_qmfuLpS_nV1f-FFMm1w,1.0375186271784724
224,PrrECpCFJB3eAG62wlAOVZNUQaKewePftk0Zs7-XdgJywk8k7gOwf3fZAfMbMlVxTi3JIgMhIsaFOQ,0.8718022068501811
225,QO7OwKJ7DVA-mhjHUz-jc_qOQjZ0hHkMb9bIqg9kKI6wQHXpOk6x79UU2jkhtEnBc5yocxy97wiYdg,0.9965068562217319
226,QgqlcsFCuJRruRLohjzWNEgDbw9soBYKim7niz1zpPIQSBVAiB4fIkZrDCjQRduXo-hLVIZEp5i2VA,0.8223693230928645
227,Qom5putQHleaItFQElQeu7Mba1si38lQe749e82Zl4WBXS32bovuZpwhUrhqDyyNsEkr8jju7AMaNA,0.681026791775863
228,QuhN2jeOepWRfp9XGgKlkmfoQAmYWRDrt0_ALkytUpNhEkm-Ra1EWcnDoxSn8dISuKnHhF8MLKZPSA,0.6772378936344814
229,R8tUGr_l3fZjSNX4AYq7ujE4Grpu4gB9YkCeIRWDtDyMgBEsr51vIyVIOHXPfJKF9LX0M9a2F9eibw,0.569107300756253
230,RCvY3X_QftkeH4UH6clHFl-1QWfLJYAK-AL_V3o6hTlir-g-NPG1vDivQo27KS2Qke_BaXdsTkoiFg,1.2214238732644807
231,RPgwxz3uYNr0UkMx-5XNJGakidpjZrttrei9CnWgQaRxinfk5w5DeDyv4IUoV7FfCC_BgFQBgj_iQg,0.4529491993565198
232,Rc3isxaJ6pAfoY7Pjzl8w6v-EHMUpWomMriNJMKBDjgq_b2a6CiytiRYkaFZANwCID0rLzjIouVfqw,0.6092247857420156
233,RkFspLD3OnpCAx1aDe0_CN-Z7eX5YLs8PW8NvyyTFjJFpD2WTr2B0dTh1xOj0UcAd70I3BmQbcPFmA,0.6970294994835149
234,RsE6cXp4tsFBpQigflSAM4mntxSPeaeNNeAz5DMFzeuGhBRNAMlWeza6IvxsG80Vnymur8nGspAftw,0.9943268007916181
235,S3nYCDyPapfSYf1aaEsWZ9PeRxu9rSuoLG_IOssdfe7YRMa15zglS3howh9275snNkSHxxRjPExHaQ,0.8003056437832403
236,S7F1bLgSVDBr9cVjnNf2bHl3cbTZV8UhIAfYiAP9IeO7UV1kIA2OhZhAP1R7d1aOGgWJOUzMWrWhgQ,1.1808125699649172
237,SA3lQYu6wiUXg5tCW3aSmKbMuqf3rDDm0eZMZjbKXF-kHzF7f-LE9KjkPihfyEijQBlWfv3KnLD-0A,1.0532318140521804
238,SIXdEY7ZhqgmszCLykhy0Oq9CxNkPcz5PRyvMxc-ecwcZPCEX-OwoGx8hN9YJMgLU8RrtE5Ur2hIbA,0.7858818560852516
239,SJFLSer4Am4ILrR_twvnR155KiimBYeCJrgfCA95ensbnFLJheBonyrCNLUxs8eKY-iNZYnkz8gxjw,0.5525224487163285
240,SPYWE_hivz4S2aTAFh2a_S0fcUrWc2ien73ylpA6MbhX7HONRfKgoz6DKJWcw55JfZdWMBRBKarvAA,0.8815230253583597
241,SR5MVwQblqfnpGa6mbwVcxGb0BXfO6AUR9doIyBq1jMX3gVUWq-8MhkDOnZlvr8uDm8zP0XG-t_OPA,1.0724983246291373
242,SW2mTerOg0XuOOJPDtSCBsm5eo5x6srIKbPkmUpDZRhdFoPF_lZ9u2HQcg4cektOeTs8YPtTVhQxNQ,1.3087464342398498
243,SYFZZ6ifCc2kctNMYtpKa78bKkAmERH6WytO5CrH3QtPAQ1lEmdGUx6OGrd6alMmZzPz6VsIp0F9dw,1.0355003707185468
244,SYqItxmB8K7nNGOEbUu_KtlGr2VU6bafcVHlC_iYRGz8tAidQZ91UI9Fzvmtv8jgyjKkOIhYz1bEZw,0.5705326178216061
245,SuovxfgXs5jiF4mniVPy5pt8GJTXrv_IFPbLfZj0xjUlgJFMfkRvd1qY4Leen6iH57v9tWk3P4F8qg,0.87948219824533
246,SwTQ-2PL7V6oYgfxGkRTH03P_e8pGZOOC4G6i98CTB8sPxN_JXXZ231FlfoW1GlaVk3LQwgVujSdKQ,0.8122370421140347
247,T1NBor1c0gWK-qV4q_J2eYtsWQ5EXyEuI7SyQcUssrGl9as9sHf1ukiJz8hSYKbBw2gMTsL4rcticA,1.0889549000305219
248,T5QA7GkhTOz0rLir7zI_6bJZe5DJoQMmj51hTQhIhK3vShVvR1WicBKRHPAiJbH-DYOV37Sk-m76qA,1.2788421768350604
249,TCvWnPbtsmvgdfDXrSy6E3DUrjZQSXrUn7DFhRdK-X5Ht45qfKWEVYT6wQNfaFd-vR6JO6_-z_5C6w,0.7115873900884774
250,TEDZQ70nkUPzioOQIbmXz-0u6Hw8vW7g9vBhAPRwif_srbK3pSEVK6--IKB6VTFjg4KftT3xeMlGJw,0.7491831223316694
251,TH8SEVfRoGZZE1ql6w2bYX7zf97maKAQCu6DTGSIM_uqfmxiSaf6CMHQKuh1ZD4g9DTWPyvrmBnVRQ,1.2988204271021613
252,TH8_0-wSLeGJJClCPYiFU0qmOtiupFbSg6x8mG3bJ7DKlH_NCJ4EOSZ3D8I3V6XtYvDMCoAwfDiDVA,1.0930281554832544
253,TOABvnrrM2t0BtOCBbJmXUis06EnpJJ6uQbUZRYBS1im2pTUC9sTJl-j7YRIGiW0CDq2fJKccxGdAw,0.38332899909165413
254,TRu0iib4WtwyPSdCBYdYFkIuXzLGS68w7p9olAMYJoy4_TPGv5bfzH0Wpt_4Vi8AgckjPVZd1f_GMQ,1.1467244026631336
255,TZspdtpq3AQ61FUOQ7g466z12Ge85xu2U9O0xA8Oigi1yH3ji-7KnJaUT-vmeynQ2EwVt1CBW-_Q4w,1.2358177126049572
256,Tb0GEAFhQNaTcXM_gHTnET0wNOCjxirFPbvDaHrF4EBsHOrpEX2OB1oSLnoOwO2JOXBbxhbqUH6zmQ,0.9987028102038504
257,TnQFKUVyEZ3DWmBPfc_v3TPBwmJrLC59bpyaKKM3QB1Wf091s6CVqe7SKOGiF7BQrxE6hAakw3eeXQ,0.6609059427259265
258,Tznjugg06LqE7qVSmlM8OkE_sstKa_EGLbF1pp-_UeZJTRo0PECAzJrrakqiyoZ2B0Uz75KA_C0BbQ,1.1091096068939155
259,U-i74yfKTejgXLf8pgjg5-RDHzpR2YLQazHyH7CnK68jl4w9bhLMf5gS-v7Xa98B3nRmk1Y_QS833Q,0.907230591881771
260,U1DsRlnKShuRViE8VMaEKkqqGSBfYKv3Pk4-M4E0vjrXnIQ5a0okpgwfLgNwkVCbDNBt5EpQ3gOjZw,0.6807172376909829
261,U7_EPty8W7j-ZoufLVu6UKe2Se2iXrqgxW5sZTPMlY-u-4gOTvP2_w-jGViaU-jcYlTjGU7iED6diA,0.6750811470679059
262,UNglvX3JV-xCGZQKpZbDQ0XkKLJhxKqb0kuHP3UwhJkqw8r1pbNVrehUGnLSP_ehBssXg8DPiI_Z7w,0.5716525272174571
263,Uc0L1xCfKBHWJb0tcZenN1e6o3MdpPeLsY-StI2jmYWCqTgZXuh8g5vVAxN8ZtkthF_8L4FKmxuq0A,0.6676880136235313
264,UctbqgpsiVIGSoaKcaENI8EyvBU0tEep1NDVSYEDziCwG1jCqu31zomSmLrqHWbBv7-PeV_2MQgHiA,1.238172378771522
265,UdZpSuVRzGM9NitcqNTwQB4txgoumYZ0pj0IkS5aBiwH5EOZPBI_zYPIl83xO8Qg1vWqkTVVz0oKPg,0.5280004231915287
266,UlVLTyUs-PygLvscrWxWNQIA44FxHm8dZpLPVuoreztBPuX6q5qRXQtBOpGxhxZTGH0HQW0cJYuJ6A,1.0343611022460948
267,V1s2gewWV-TnpPsDkjZvrQHvEUv-qHSWqlbrolyC5XslFFWIsTo_G9wmhouEBqXYWJQBj22kaJ62mA,0.8592395648450731
268,VHg_LW-M7L898TC5vgyZDu55ijtSZ-q3LsTdw_jWXdPA9OXgKrSx-Zs1Aasd4vQIoS6yjFvG7o-C7Q,0.6553099508876378
269,VPX0Q_zzA4oimRPrywls9eIenmgUroAgPO8-Lvy6uLXN-ESzJZONZSeqJOOSnKWhP-wb6SYoIpsX4Q,0.9113589214524335
270,VQX8RIM2I4tH6ci_GJf3TUtRR8TWKA4iB1f8UI41CHU1v1tenjsBz-TxR-bOs3N3zscL0UCp5EY3AQ,1.1021870064546584
271,VVwd1-szwCmtBAc4RJvOeAt3EC8S0cO2nUBemvjUbbUf1agJUnuhwKn2j_EJWdXc0hefAAfRYQG_Ug,0.8123399571152181
272,VWZslrSwlstsGe3-ojAMx_J1WBhdXxM4PURF3HBzKHGSreuL0VThza8dYhsOAioX_LhRb3j3R5QIzQ,1.1563211269720048
273,VaOBguzPvSXIBq0ybZqUnGCY_tG2Vmz0CaEVYsxEVYMY3Fmtfh-AUSHRd7ky0yxpQtUBqQtuk9-b9w,0.9768075306429911
274,VdkSGtSKJSeY3fxQg_TckH681CIvXV5TNisEhdoY7iHNHHEo19tUnrrYm-7PGD6hsQif2z8z8ApORA,1.2416055369152004
275,VeDo9nkws2jPrpyOjA9sz0YwOPltL5qpSL71I1v99F1DUHVMI7I3zi04ZRNdkf9ZrIy5OlrMn6DfUQ,1.1484213730837405
276,VfV9FvIl2tWmW0Hf550TQkHXqTMLOtyxE3QZC0bCD660qOUENmN318EajfJEgTWOwqWlLAgRLP9idA,0.7295958342275808
277,Vlytgfj5ttUABh4bgA8HPgBnJ9IhCBA36CaL1uqWDe_YAoZSyc56WW3ZxDb3WJFo0KyVPBgXnMm7wA,0.7699701662230691
278,Vz07SmitslBhonk6tAkMnwHx30jNvlv26RDTDvWz5NIY-ZQbH1XS7zRAwSxnC45bOc7BamEq6qZmZw,0.9684922459918699
279,W0b7oZ4n3shOrGq8zJlckgCNNyjYl73H8fejrnX1TnEde_95-X0vwm0sdKF6IQSa6RpqR6LNfvAPgg,0.7271437428502769
280,W5a7AR-dGT6d8j6B5c5cgw3Jlqlvly6FyQ039EGJPn1ZUiYFADKr6TXqsir8MdssO0TubPmIcLOP3w,0.9761687576162057
281,W5k5G_JjOIU5sUdW0DpMoTexrBTOEQJIRymeo_AWwEkbZz5KLA1KdQeVSuPYqIp4f_YEtFbgpTwTsA,0.5165262471236947
282,W9BAJARRu2R5K9pNBJkxG9E9ZaeTRCsbp9HzeVH3-VZad492uGC4Z_h4fSVIRLmJ-9w3VAJPTq7IUw,1.0576837283967266
283,WCQc62e_alexENhTeBvGtZeRiqOlo25Ac_DbJBN3u4mEN2nQ9dDzyG3gqnROVO_DdFOdVR9IDQIrEw,0.6376697614764442
284,WSgclKP9X38jmPnQYewotmpss2XLDGhWd4Q2Jv3BOU8EDGRKc0RY6B2Yv_3ahuK4iXB5C-xgykmMaA,1.2282361146222505
285,WY-G5hyjDtyyGnzjUPPCqGrgHejIAtt0p340P65qDhnFR2V7JM56a3driRLNqBH4RgZuLkGoPCVDgw,0.560442064761359
286,WcyOCZKy_jTdFnNzp1dbyP7Y99EXthWZqTmHl9CmAqzGzuJMsjXQ_cdElwc9712A8f5nAutb29qN3Q,1.2672118867439164
287,WdkW13szOrVizp5wx1zC_X6B3S3PgIviaItPtEoq90Qc7-gN9N53leh8nySuQQZMkmqVKO__z8ngLQ,1.208332350303075
288,X7TO5WFJnFj2lr4xvQbK6a_0QYtewpecMojW2OLmS6uZQx97vUgqVxIXVjTMfP9Aeyxhkmrdzv1LgQ,1.002218372088323
289,XBjeb0trFhtlaYzJD0NSQq1zspI2zLhRlbeFaL3AW8KTnGaxEoZDVbsN9rXS6Z5TeM1HSAQkWomnsQ,0.6994038157601592
290,XC4OkrmO9k3Y-c8StIbcH-3hgw2EBPMXrKVp4uH_o6VE2BnXERfkqGdAbTH9pruzJQoNXGOfiE2Amg,1.083814742473592
291,XDAr2aAmcW1cHbTQiPi10SptFKc7a1fts911JIcBNXT5a9NdG0zJ_5h1lUlEmlOKaph2s6thxQgCTw,0.5714665695533357
292,XQpSwywrUqAXPDAQTg_RvQC0glR4Xx8Y2OtwWemFsw26Z_dLBYJbowFvygPBEqEyorn-KBlnchI7eg,0.9829834643506404
293,XdxS93p2tHAJ915R4OcY_2oGz6UwytcK--VQgjDnX88NYcGzDig1KqHEu-3Ov6K-V0O42YhoxV48wQ,0.5816231468949685
294,XhLJNzQN6MPB_j8qDpWfB9sI0qmtLZpwcDBuRrvZZqGzkVKaJnOvGRNbbrLAqOpqYpuzUnsVnchL1Q,1.1426622315943653
295,Xv71ku0F3iEfoFdbaaPqsrK6B4_1lc_NRtBWyWBBJ57lXQVbauqZU9c0ARdfoe_2TsKq4HEuSA-omg,0.7621478284647262
296,Y-mZ4eemYzRcyu64VLOGCy23oZHKxVLpnIiuasul-qTb2r7pYagdmmIn3CxAoD3nryqvmL5ajLsB5A,0.6434196612278476
297,Y4QJDsJVEGU0AiA2-5FAQyAGUxYSwhjDMu2gQ2GttGlYjOargGHHrmprjNoGadZ9a4z7VCmgOKjFUQ,0.6176585201193399
298,Y7_jphti0FvVYDkX6WQCO5a-ZYa_l6tnlCwheGxZNL4at_mONgKfHBXVOd70ULq82zUmj06dJYEOgA,0.6140423420527191
299,YPWjRfjdbh6iWlN_xLb5D5Kq8JKEI0p3v9L82L4xoilPwJmSTzxVKg24vvs5E1EyCMcck9WWeQiNwA,0.9343918984789062
300,YVIu8xH8nLKaRksprQ_ZoxIaP64rUXOPVhyTbGdMl6gmUkzls2AcrSNz-ADwinUQfBWNy-AZ7WE04w,1.0212673987003267
301,YW1_SkKtFN2NI15BnY2PMRc_HLul6WVSXCYo5HVs9R4A66l93rxXwVRw08Op0gTOnPuQj9rAARN8FQ,0.7272443297063641
302,Y_hwVVOKbIW0rXORHvGIqs6eqlYfhIgwa4UkkL_dHdXVjfCJ-hObdVycYvuGV40pKAn1CtAXfb8mNw,0.5442114862723257
303,Ye1uxZBrxqnWjUH8-zYLJuCQCWSEG2uFi61PQLLn39h1--ZtuT1QVkORtdE6nQzAeUnbIeMXkHRYQA,0.6992516421308836
304,Z4Y5eKURLWWUklNyPjJv-Ti0yKwd94Ox8uxZWagbESD2aaCGvB7lD8r2mtzmN_0Av-5oHWilHzn3TQ,0.6415106704999074
305,ZBK11viNKOdUGhR9NPlgY80ID2F3wTppGp3TQImJ_wZLyoBS_ddlAFlB2sTmIlKywgK-KPNVbEkRwA,1.2923253272428528
306,ZElNEVNuaM33ADtwYF66QwKaenvMzJc_nhJVDy8ydsPYu3nwFxnqtTvc-pKFGUYsI6SReeJX73G2LA,1.2160106928766214
307,ZEnitGUArcVoO5G4cshztCeA8xiVuNLwUble0fFpbdG0_-TOeCV_yC9O4jBcSypZXIfqbwlXngqhHA,1.1433124264765422
308,ZH5Eb7G5NjuEGmkQl4GiacTkuoO9xS0qzM8yPWQpRUNQ8fCRMTFUyZifTQsPDFXs5Ecr8A5fYxNmiw,1.2043599331422312
309,ZKMai4vl2YZhburvcwBMRP3LtsYXWkmcTMQpfLwFkc19he6uQ4KY4Xhv-hvURWuT_A4HxyqSunOUig,0.9160146675174736
310,ZU6eQN4y-VjY3eJLNclTwsQlqJkx9KTSmHiSvT7RQOVv0JsumW2zR5IUG_C5ZYpa2BtEOHoDmxmA8w,0.6616260352373919
311,ZjrVLzNjIXU0b1id6Q1wQD9H8glj9hTeLuxhvLv6MwhwhGrHNdz7dwWzZXRPicmq-DKOHO0uT71PzA,0.7446190672855068
312,ZmjtvZ_HVhZlnMNmY4_BcFbza60as48fCEWMpjvVFWX3IZizBIwSSGkCJAsI-KlE97_wef2zCBvqYw,0.8631152257966702
313,ZpvdCLzVNwF01eE0RgXi7UbHhcvESCX7eGArLo64vnWzdpWOE6KSnyVoPkH4iAfwACy-xOo8ao3_UA,0.8110149202835076
314,Zr_aoemDCK9AXeEWIMmf_Oq2EZcUxA7In6T6bJpmpxUBh259JTZYDyNe_8nDaxcmxDu8HkL8sHZ0zA,1.3091732901259123
315,ZyZMJWIPwrNtilKQ2rqFuY5TKCuCJ2NQBQclWw1DHj19Nlg9ELYHzNWBO0ATNvExH4WtWQRFzH9jTw,1.063229331107918
316,_EoF9qnswqoYqfMzlinKKB-d51T07xY6KkS9OEx7tHzpkvU7yzV-Ph1IxW9f39qR_alr38G9-Jh6lg,0.6491614372116185
317,_clWqGNUTHTR3lb6KpBKa_rWLHyb5Ew6OPGerwzNaFwxhMsAqMTw2oaJ2kggi81Vnvf0T9RYOw_K0A,0.9098491483715061
318,_eOmWVcOYbUYoVvJThmnyP-UPMeQBeOnYCzacSLDFEr1TjqyHjnYgrGlyOElTXQ325HShNeOcu3T0Q,0.9016641208068228
319,_f2PK9RNASYaYI5V4mSwq9NkoBlV57dgjP0Exi1ekAN4keHE2R_bol250zZ955A2imcYuDboCoxvkw,1.1021835408263754
320,_lrDG2gBbXl9IzmKaaprnKFXc6rNNST8ovePbAHO4n1wBNM7_SobljkKMbxHd5VK-d0wRP6kP2LgZg,0.9003611603095347
321,_mAXxZKrvXdpLtrKmM_iHAFtdVykkq0nNwDiF8IVR95WzWs251qjeXdo08fG2vNPcWJZHwIG0DwH2g,0.7485500303522946
322,a0UES5u2jVC4kgnygZDQv2O7-DDyWQWFeND0pFkKxUrazHGwrY-RWfjOcGN9NjhB8rGG6PoBKNfylA,0.7774622976086388
323,a2xlpxGxRaFc5w4G9K3wbeGxcmWm8d--XwbMsCWwG2_Q6WgevN9OFpvj0ZvLtF5q1IXpEsYhL-Hi8Q,1.0623886707993013
324,a9YZ8KDc_DzpW4sRt9gCVvGqw8IMJzj9EyIu45O2U9vpkYze6aVfmcCSGbr4WbVgi9CHu0tSuHYvgg,1.179951657927386
325,aEsSUeGQYHahgv6eNYANNjRoQVpyL2JGXRIRsLyJguxXGqxEZzxfL8d_ZwWYrnQIY2TvtSNnsEZA1g,0.516638452053775
326,aIJI_sSwqY-XBmp9hWWiXcvLShGYb7saNs5PoLrw-kNLY5tY_NIXXN7xkCEcoeuXyyav1-B0URL5jg,0.9880455194957468
327,aMVyrVlELln5HF67g5lqVMSVvixET_Ba9JN6tFGpWMlBy22Eu5mZLOKC4a0Op0lY7i3QV4dLXYIHlg,1.357060212899877
328,aQoA30WW-vBqB6eOW8-LJpd8UURRvMftxNk7gsklxPZTxYtyUg427lhPy6D1Drlzj91AMjAWQ9Hasg,0.7611543744393565
329,acp03CTtWqnFtZ_-o81-KRko_j5gyWQpcVrOk2hDZo5zvdabtxsZA36OBaAq1ujAEpHifZ8cUEJh4g,0.5799785262572681
330,asl-8nOplsv42kGTCDg8TDc6qo2q_MYDR42n7DXO-HT5gbO_00UERYc8jFHBnPMe0f0ytP-EZc2agg,0.9102259135342832
331,azYgrzClxMCzSBzWDQNhRQaKMtyW8nAJPeSsnkHS68nawSS6DGqJk1hJuRPeNAfTq1xJEPwWKk8R7w,0.5407133698923865
332,b6J-vYoBE1L5-IA8Tprba0WC-bk0Rfai3BXlmV_83JBHKns_KINdIak0RO6lkcbYmR4btVpeTBuKOA,0.849309305851303
333,b6LxrLOrWmW2l7EFOlaUhvp0axQnjFdXYAR98B_znAzbQp7t3w7VCajLzDIQuXSWTfwhWW66eTWbaw,0.6759968136536872
334,bBKH8pOrjs6rV_oRvzYbGA3WwNPs25dU9upaloFDM2K5jV21IJmC8_aCRSFQ7xudXsvYtOSfBkMAQg,1.4035516069831135
335,bFUhWBGlcQ4snTQgjQKYKGmClo6Gq0fvaeIb80lj08B7hWn3L1cKDDLb30cyV-HRK0Qkk1xXmRvcpg,1.1436679763091595
336,bGPjeGNJBJxSD_gb3eQZsCwfbJjid5t6ViitHyPpAHaSb4fpgyTnDYrsXFuoUMJhu_t3r8c4jIsHXw,1.2709442677708875
337,bHz6t-fDBxscyeaMVEVTOaOGxDQ7yZzsmHZheITU36BbCYr1-R36YNoiP8JZmBPdYk2oW9vxxmSqbQ,0.4247207130229575
338,bMeSFgmzv1msl98_Ix9580mYJx6PIukbgJOxuMSkp83ImMkspOVytFDtNUaRtb13ToYAW5QpXHSjTA,1.0756286816693659
339,bOtx-Ca0TdBAvOO9rY1Jx5IbzPmfzFKlPzzw6BLVyz3ymPDU9SS9o3XvMZ8aJ0rrpIvKK-seTat35Q,0.6656828843986352
340,bQmkA7VPGDEUHxLwFJFuNg8TC6zaCXbCnouKfOwDoji0L5WqFifqfQSn2aWmlBMxTxpp8BVUGBpddA,0.5739001496491783
341,b_QQx3XciqNjJECkNd-it4Stla1rGViCKWdWoWb_nEIPHU-EePWicy30Gf1BfXmt3ZL04S-a_NhK9A,0.8127374890191463
342,bwM3iU2R1KKUdmjDZQbWbh0xv9Kya7fRbHsizIthf85nRfbHAmaPQCYAzy9q0SzxKqUVjSNKr5j91w,1.1528100240743702
343,byf_qYnPk8aGZ_Vjc5bkUcms1dT9gv8ay8_U09HZ_VZQW07P-YBFlPfdxZRQ4rxwHtxk4R6JhMe3xQ,0.6301403820268041
344,c1YdGic7GWVYag9riMB2uTeuFZmNDYJD5l5aIkX69WMdjJ28E8o5JkEd-05a3A0bPXxL0GX__ifm5A,1.2813700958664616
345,c4iVSdrQKDVCiltHWrNB60ap5xlDzUz02Q-0eNdq-jS80ODKHp9tBUFptn7BU7GXkrcDzd1gt2uIKg,1.0452922872490524
346,c9kpuif0GZz6N9W48kgB0JWG0nkbZfjBHzjea5ef_k7tbRd8gH4qZGwf59-0HsZO2yzxupwUj5eQIA,0.4503178642024464
347,cBik_V5Eh-CoKCuKiWCvWDXanNtDfQDLN3DYFd92ppTMB4hbEwxlP5nu8ESpWBxf4XmM7B4NgZxQZg,1.407192619405
348,cCB-l87tl-Dx4XPi81oftYr0DYBeBAYdq2-vCRddelV1cCtXfwBZGt-7ODKFO5XT_OkzaCOTNb8joQ,0.8143620387195568
349,cCBReVgSEdjFaRTAebQ4Oj-U20xZG4RwvU4HjMzxXQ_jfYzOxVEv5_l_yqCkTYPsUGySpVD9UO7h2A,0.8143951568745917
350,cF7_aP6Nk91I75KjHtxtED1j_1U370qyuiU16gh4Smi8DoLjRiIZYwOAciyiO9RIz-QJpV6AaMQ8XQ,1.2617209155770222
351,cG9piOUsQtFhPukMxA0HH_S-4p1j4iuyU-tHVjWgr6qGaXCCWs-1qZYGNSp4cApKA7OtuRMZyJjUQw,1.114500118456302
352,cIje35f1RB-H8m2tgqFQvYPZaF3y06EsLDLEQ-qa-RLSUZADvP7XskpBtl0thXNko55o8ieZXTEXSQ,1.1777748573822928
353,cLF2aASItD9S0r493eGcAq_aPkFdfVNFy-gt9d1XtFqTkuVI-pWAs_Jg6y4jsNkuvc6vXP-wx6xa4A,1.3183563185256137
354,cb9he-rBlT7njInCPM2vovvwG0mAzDxXKcay3LNNOFVDy1G4I3h6EFMq_Og-ECfpIYPkfVGsvHECnQ,0.772475345580008
355,cd2F86LyArfvKff0ELPQT-R2d7EClJ5ev4yIO4GXrKYvNYo0nL_0Q7B-0mSHPIaptG7WBT3GMwXF4w,0.9312453450606213
356,cjVjKDH842kVMJV5U1ZevljmMfX_ro7PfJqGgKo1eCNUF1cvXq7WHiuzP9pxkExAaetRvXMvQUb0ew,0.7598162690695903
357,coUVDSf129pYfahjSgEUeGUpSni4GXkCS8ffxyAIeec9SXttdQel2I_ZQ2IKhp3RJ-tUao7xLAnPCQ,0.5533589787266684
358,ctGdbEeeEutF0wv2XBZ6h_SM_xVJymlZn6CBNdmHFr6k7-00MZ04ELIznVpToVH9zpKGjyAYkNBIOA,1.0861204419463844
359,d1nlL97FnoW68k2oHFilJ_47anWwqhbsSQdKwsbHVbI8z6cWtdG0Eq-AxIiCzcdhyS2QccgZHofJTw,0.6475991075899326
360,d2P4I6jlyWu5J1yJMUX4OR3yZwfHb0z9hIkG01XwpntWdV57aySV1kC4OgXKNXGzKaJiP9QGnlOTFw,1.1596372638040395
361,d5g3LhA_R8tGWdfk5fBkyUKv-y3snOwr_fIjDXAe7OOc3IrT8Y3ZAH910RoElGmUcDHV1xg2fvPa3Q,0.8248009680882612
362,dG2nzSPB2JBHIBQPnMXkXeyb40OUFbbatKfmjU4CdviGDzGVL8OtWc1UsOOrnvSPtSyWffr8DXPKwA,1.3653884792960629
363,dK81M5i6gieUBLMJvtdzD6dtg7VHhzDqvWjMNd5jF059Q9qif_dZfRCtttLPDW83nrdEdBRsXUF-OQ,0.8430820593373816
364,dYMjr1p3mVngM4JrMx0kf36CHIaoosRgvmBHsjPZrKgYD_6Aj9VaaOKaME72ulcIe2o-ePOaw027AQ,1.1004820470374599
365,dlDkXzS8lVRwbuagN7Bp5WOQj_KhSKsKf0e4R-8Ff263TyfaiGozTiwpBB8vmn7A5bs1NRHGpZH8yg,0.4223987524843449
366,duiIJ_gqAuX-SI-InCtLGVj4R-NsgzpCXVQ9fv3cvSRB9_6oboKnOr3kpt1gdrcbrjkSIYYsk0QYPA,0.6963455847538501
367,e--cBYaQTpX40tK0fSOXVjch-Dk80_L5_SaGn1PhB9JjK5SeokVDrmODhpOwcJFh_nzWtcJJ-Mhheg,0.5474043340565
368,e27q5HrXfZeMfbNAk7UHg_iofHXC-ZLyN9O2kNfyfYGpsxQP9f_Y_KAFjTYkD02REgrtqej35O98Iw,0.5838576941506761
369,e5xjwpjZLha0HSGITfevpBVND_4DeGs6PMR-rub2g4jy5rpnS179JQ4V8srHfwwsu6UIwUtQ7FZUow,0.849674608349412
370,e7Pw3azYd3w-RnZ1rswOQmCwd51kpMg-FcgvDm3Q6v49w0IO6JizV-ulDyOEwIObyXDSK6rVbJh4ig,0.6705799238478135
371,eE8skgqZwnladxOYvgZA018aUls-OrokY1qUsfFFTsvBq7EiMsnd7RbT_o2L1GnrrEB_e4JtqR7Oyg,0.6188880275921813
372,eETIJ-dM9-tk9qPAiLylkD7si3-exA6Edf56qMg5ZlM7sfhCxR9XuY3tyiSjJVCnyaoZLk6TGt121Q,1.0058382344002508
373,eLDAVuZDTvwHPdB6OhTCDYp9ILT2YcxLnVyGY_DDhPw53D0KokWUWpwtJqM0Sefc_V2Q7o7J5T4PxQ,1.0837785250750798
374,ehHoc8TZYOM6Fj_1NsRMvfSGN8Woxlb3lf980avX0OVcsj_Q8CiMkRGJOHEYVF0tjewZy3Ss7mFjwg,1.0442975521707687
375,eyHhhKrKt2-wqGeGVLIeHF4jv8_SeMMAaMDOEKuNzmgk_L2nZSFXz_o8Ln4S52vQc0qUHg8qWOkncw,0.9893161447765992
376,f7UR30FrTRtJZGcg1kj6jkjXFjP07-2J11Y4w6DQQ4PDWmECJJOiZ7rPBCMLpX9fBrbaurjOt0u2rg,1.2679480794169307
377,fJqnIWTm5c6y3on4DWYImnsQtPNGQz9_K2bLm6mSivtRBG1weIsUIv_hH1iPi1cLOCQxyT-0u0WoRg,0.975791422189636
378,fRYAKtkIVYhgYve-2PeYDyf_DRMVnmQNfRpzZKE2tOSKj6m0yc8EXu3yQtBV16t0FJg-Xwe9JTqa2Q,1.1756695862356639
379,fUpkaLeIosFv5yy39LqM4XVmoJv9o67TL826zEdprz2uutdAVA3KBTB7KQBv9004OordGV_Sc6Yrpw,1.1407237321909787
380,fkl8vJHJ2TvbQYHfNNhVxbwEU7Fqx_pahcLERUargukQWHcjIndj3Wspe2GfwG4puGPSzCUxQ-nQpw,0.8312458985662242
381,frmDUJyyi6SKjZMBjslyxHAtjgzZy4g-QyRMujfJfTjVpFg2LM5NE5iz4oZL6bmDrjjGR9K2-ZecWg,1.1905875832999497
382,fxdJMaoYz3r-WYKELzRq9jP_5qt-jRwP1xTu-_oQgaTayO3NKRXYZ6y6s_nqLcikbIZ8-MtfZnGCpQ,1.1323902599461655
383,g5VzLjoKJvDpztaxwDZggVfSpL0Q_t8D8IrUgureHidqW1AfounpHdXJNIzJDIORUs3LqOL0QXrxVQ,0.7025176844416848
384,g9wE2ZfaVg-Yzm1TiPLVuFv3uCgXmeVrkbix66y1ynitbm_JOyQ7xSx_KFvMmcIy8jV9c3G68jX_bQ,0.7491890494369309
385,gH758fjkGK3n7ygzTd33lDs11QvXbo5r4ExGZ11ay-afRiQMY9ZUT066M0VKhNdDGLf6FUKJmjMBeA,0.6296448627453493
386,gKDGfatHnpdk-D7_DCSHnM384zeWCG4qQCuVnkk5ui1M9Twv4wkKdH8S20SlK10HNgzgo2BnqWhk-g,0.5866460729575014
387,gLkVPMKcjWuzZ_7g987aM7Hx18YBac4hY3f8ZoCSP-qSuxMf9ShaiPAqEWHBHKvO2_mFQYOYk9-Tbw,1.0057322704960376
388,gTnLFdZ2LXVQZX7CDtdjIS8jYiduXfTUt74sgHE5g8G_OAICIePafMmEnVmUx_0JzFz6HQBmY6tE0w,1.0457028200242868
389,ga8OqeOdCoHK50u85NlbUU71VpnRQavR0JdkxWsE-hioIUhC9g35NCKFTrdv3l1L89Q5yLflWvqlqw,0.8111771036323231
390,gejZzp2x0Cg6xK5Kp1Oso6hBpZC9Lfau1cXYaj_lCRFfz6sEAAWBTWuoSHTlXkfNZAZfwGnOpU8_ig,0.5297498721514313
391,ggnzYsrLefBspUefJY8sdbi8zlMsb5xZEA-gEFkfC8O2nH5yJx2_FNK1E9KHxRrsWTmCQEa1_3Ecdg,1.2742742910832445
392,gkThtARJf8GT3boRZoq9RHQOvmRIcTJqpYpAVOKIxZ0ZI2EHAm832jl6csStwj0WEFcbgrSUhk_NiQ,0.7810169627314271
393,h3Ej63b9stzkUVvYizD9r060vTHVLlZjkDnjAvJDil8n0fI2NtvCzBjxCw6g1mx41tpCvFm2IatCqA,0.958476958085526
394,hB1kBqDRFK1QzzofesAp9fI75OCXb4bTQxBo5uMPfk_AnzrWgWAmnSTObb8dzDAGkXbE6AyqrFCBvQ,0.9841527830745569
395,hDiGukM5c5Bg4CwEjUC2mC2QdrwtcLXSSVbKrkHQjX0-DhmIz3x-dku3jA0DoS7HVcykAINE-TjYBQ,1.2471215767264836
396,hYp1iEdPI47yoiKv-QyNMJmIMjLUsHMinO1vQhDLfBPlPihgnReDDcIneqULvb0h9IiHOSWtjBT2_Q,0.9749409553263162
397,hb9oIAWhpT5Gccrd3VTxj89YubqJX6w-d1ObhlUbhwLaW7iP1PnlBwZRVXlwJNHyByyeHhZPaM-sNw,0.7720275107558511
398,hxeotfq2y49CfdrQLEUdDu276EU65TPixfGoLihWTGSDlofY24BVJ1aGK9Mwja0QbBhvISH0cOmARQ,0.5986704424079569
399,hy7tAnU-UK2la4BJwXKXGGAqtvdMhsfOehBv6YZBD0oyBJhnuqTXAgyPPW0O0uPfMS5JtJjxixt2ZA,1.058157818522471
400,i3V8eV7eNYaSbCJUfwLrnTwzWL1GjvnMlMt0yHKLqBYbpKsxkJNU6LCRf-TWGv2Rag76xLNQFEQhiA,0.6723220251471562
401,iA8j2XcjecZOZir0vNwddUm7yn-hFzWxFrJDmkCf5fk_f5jsChWZk9Dhc6xnST9h7BWnO96p-C9MfQ,0.6805334880889083
402,iK9DyHjyXBeQo2C_JV5BC_zVDchEBsYQNB1B8zXoCxK0sNP7ZElCCg6Dww5j0xb8KbhrjjQFxkLLOg,0.9613223645537587
403,iKeeK3aRZV-Y8D8ARexfZe3PHxTpzIFpx2vlFUH7JAmHaXjdnUCfz9HCVJN4GYhG16r-VlAsiwmlmg,0.7282566931030249
404,ihZJHsidkYsTHJuHtze1XYgJxRPHDbrWLvoILfTjL5EK9i9CvpNSrXho00C61lM9qB0dyf7nWLmjFQ,0.7265086320956661
405,ilAZ6D77RqLMvDTdIg1XhK_YuzW-KakC7swCjCm-5BXK4dhfkfujyG3fEgmOw7grH5786RalBkIwxQ,1.2873392474322465
406,ioDSPZD1yyDLp3beWJyZqnWniv9r8brXss6SL2lfWp9lzECot5JZh22fwCQtl56ryfYYrtY_btQAog,1.2297238264491928
407,izdFMwY_43y8NmLyLUe2FaoYbg3J34KdFXG_do0GUzRpZK3ZtTASTbmyf30Ub5IcSMbNylItw9MXHg,1.2594229679598323
408,jEDD_9VQdnhG01d0OnEISi6wNDz8Qm_nXgFpLJpkR4eDfQV680Lmnn127wfm7RDS2gwKsvs3X__o7g,0.7645395637485195
409,jHxz_0w-957ddCq6KSOlIfm9xDz_JmpxltubB_nfqvtlivunKOQA9uSNCMrIYLO9NkUuDgDHuKHMSg,0.5059626898732602
410,jSowhWPlX0JihfDKU0rImYdt7qkE617khMBHPyPA5r9SeC5V_dl3XMaGbuvQCrKLKA9HU46fGhiVbA,0.936662919528473
411,j_XKR6_4wGWSTXSbk0s-xmPP6Wsia-0R61L8l7umVgyhocOwb-pMsdMwdY9gpvKcGE-_0wST5jX2TA,0.4544412475182549
412,jmbCvbq5G7JibvnNg53hCmjEFvH_DnrI_8ZChO55LXK1mXi9hkkEOezigf-fL3EgX_2hmJuFMIkjLw,1.073506961254136
413,jq9lYm69UNRCzNKZrcw3OsZuVV2V64avSIr8wpq9UDcYtWc8oKmWdczNEyti0b6UfzzkXKs2WvB7Eg,0.7772605174351024
414,jxfWJImC9YUsdaFRwTJhvGl2pS7O9zmy9nbanXRMqGCvNZBnR3Oe78ZYriv7Xy3nc9Zt9YcTKiF8Vg,0.6372820936122037
415,jyHJLzGklqw-Jk03StEAJjVva6yX4ymLkyr9DDbDAaWY0XV0wYERuv4kgSKJNpoO2kSJ9II8OJMiPA,0.4420752459048824
416,kBgd-Cgu-EupBlMX3cPHJNIRgnolPB1SSLNJpTp-Mb1HAnDRVXCTdgJMs2Q0wS8i0fmc25H8GkVqXg,1.1664264171019696
417,kLWYALM2yCZZyOq7wnDC7M32wtdF_bk9-jr5xP_gjvg9BBAHRpmBHKP5QOdJAI3hKVSW9oiHbaEhtA,0.7133436363290955
418,kdQP6_fgBnne2Uyf_5V5sNZjXQVtJlcsVUqMANW7AmKSzH7zuIVV1tVYKDXukXLnseG6X8JVNkorpA,0.8877864660584992
419,kj36V5yYK0HylSLzkq6AXGFmahQ2SRw_FRYytNuP137MfqKSDrZOuqxXbSCkU9T-pdFx80LW1K91BQ,0.530837420314557
420,kl8RAXbKR8uazPlY5LzEJms4UI4TONkdNWm2QYHWoRZOYZhDdx10OG0OgvBZ7xqd5rRLmXVcZlWg3A,0.7347211211427949
421,kpQUR4k_WOGq6ZThNgou95NR2fCBkYKGfHsVzgLYq-A8UqygKkiRY4alvtfU-C8qfD1fml2HoL-l1w,1.2084900306292488
422,kr_EobwaC4zdGUreGEyJgKL-udKk1vluLo5_F_JKaiTUfXYYc3GnbJFdJ6ZAOGBLvf5KTnqCfaqq7Q,1.037705094851282
423,lGoLnhQFWcrC2nN47KrcWEuxQm2S1LPsigm73j7pTvcqnjjekrp63ss4MuaKMfHzrNZUAZLswqJLEw,0.8066040105610037
424,lHbsISlnPh1n6Fel7k3CMqMh4DfMcUA6cBHrM0O0U46aKSDunumhmJEVjbtcLGHPlwxAXpqhKDQsqA,1.1163323843207533
425,lJ1XG4ETjujd3y2eyFt-ClUokCCZq0pFUgeKuN7ZimZMToYMjdA7N5xWbT8pgjPPToAupoAMnLKKbQ,1.0599683250200649
426,lR8wJpIQxq3An1svQmb5hB2YLR0ZET2mHZ0a_1DGEekNLFmcoFpdphAGIWXLkIAGMUVn-c4wkkNC2A,1.3140474900816015
427,lSf6ZTozqiJPMeGCv27FHCPMknjn6EhTZMSZJxngDmwESAMRyyN-CNpa6rXLipnXrNDqlh0LgKDJGg,1.3831432257366854
428,lXMYrQQPv0FZMNjL-PVDcof4xRENyP89c0Ba5j_Ouhz1dz2GPNobWZrTROBWJGp62uNhq-COH7XJBA,0.6170185387154394
429,lczN70w-B-TWFD00Bx87iRHE1i0stIlEDRVfHEKBQvTTd2G4hml9yUKj5jr9-UwWuDVYi-JywDu8pw,0.4817953688221107
430,lgu7rE9KS_WqdysUpHqiNW5XJ_iX-9zZfik8KNx9U4W_10QjDIUsG81zlNtoNznUhZz93SHNXeJoiw,0.63749728466386
431,lo7y0JWvblHSZQ_EBHla_ok6eToH_63mYrhP1iH0kda8gYiU_GlhGAvSbTJdBnYpk-DqkC0J-0cZ6g,0.747258581668902
432,lsIctFzJPPT-uhSqfSHQcupXVmLRKq9_4-2JEnd_9djay35JvoQc04ndZQkdh9GR2O1gmw88132ahQ,1.1088781234681384
433,lzb9iKz8IPgXj06UDCmLhJEUhc3mQCorzr4GkLc0lrJsIxgjuGIrlTHRJ2sFPqJ9TFWdtzu4F7wrsw,1.3030380753637432
434,m2ok0Da322rz5L5Az9z5FrudNEpINbL_lHgVPjckIqyj0Jeu-7_4NPYpXm6FzYM7pGeZthzDLE8rJg,0.9961834802761949
435,m3nuabGly6ZGe_B6HjRvZ1VxoGkzkBzzO1CgGyzqWd0HTUfZBIrZb0jUiU4jLJEE4YtBcbYV2q_gHQ,1.572118779883617
436,mDC98h5tTx8U5KFmM_5YcQy_A8Mcwc00AYF4luw6psNSY4bNu-hPsMy27miM-x3oey-mJnC7nFTBbQ,1.0188415667401527
437,mDH0UUdlAShwr2AFst59fV6IdxnoYkN9Dyy1jdA4rb8U7igtkdFLwqALQBRbsRCogfC1Ht9npZYu3g,1.1758079245226627
438,mP64tl9kbYtwz3hU9TtCs86ynUO_iayw0OlfP44uE415Da3oU7_-98NQDmTv8XiY1EgaSBNVtJewzg,1.1741683811446688
439,mUcDrKw42-I0Zff--wcatld-sCQ9M1s-9Gz_1Vz7Jo1I-ZDrYbeF4JLnZqBuPNuY9FkJoNRrDC7oeQ,1.110552595270414
440,mYIWsmK-79x6GYptj_pmfo6jkRQq0h_6HC1qOPm1G_JYKL02ODlthyMTqnff10HsSFSdHED6qMJJ6A,1.5095348202861072
441,me12MAElmn_PNfcKlV79yPEDEnYMW3byVVCuuoj22XT_4XHlC8qx-iRsSeuzQitQ6---8MbCiuIkZQ,0.5641463112360929
442,mhF1QikQnFxWPF0-yrns1D2wnMSHCm6UTYRbp5n02AmhFBA-S1L28h-JS678Ab-qCRyd_XZEEgq-uA,0.7840195905929207
443,mp9T0F64nDO24saD9HN7G02_rEBQXUa2VbIA6jwbRS4L0VyylvwfYjUDyw_ko2oQ0NTqJXjCee5Frw,1.1360105604592998
444,mwEHL6urOzAymkreGuowjqstBiapHoYEZ5_ZlCcDVpUOxohkFAzoDXPHJNbBRn8YVEVmnDpLCd5TBg,1.1462180213971844
445,n11_oxlTzY0NtvaWueGkXl61PJfwWPmcX7i-9k0uMcXGQz78rJ5niee0TzeQshW2ArkH_ucfLlMnbg,1.0405689036599406
446,n5BBpp3XBXOHxEyadBBBRrZEVGGKxVtzudgldr6QqZLrya4c9UuGyvcl5XETm0H221z_YqWMANU_MA,0.9744369881587046
447,nF31nVogmq63qKeGYvjh79KPsQn9J2lZ3R-KlvzKwmUHfTH6KBQlWJV_yBbnH_EVxtO6dEyYzM50HQ,0.6395247806188273
448,nYlWohri7fzVCXQgWxBgUlk-TKTXtXJgSoHR0YkAGTgAYRzjjEooLGAf1JUymLPQfy3LZP0Ve6lSfw,0.6483501146431934
449,nvYxVOB71xu0zrkbIlXXX7SU9GI4kPbYdW7GENw_WM_b2N-8blQs15lJTsH-W7V5XMHtOxdwq5Qa2Q,0.8097818757041065
450,oFoVW1ZCidcEKBpzTMdjVszsAC09wEp5DB3ar-qd84AWD-elQch_aB3DWJM6qt-DHcGjxgrmwglQCQ,1.0712682492701915
451,oKJ6BtZh5UFpU4TDhzBkFJRoJ7pSKDnFAqqDVxcDtABBuuwY3zQwKBEE8kDdO-Lho2ry0l_5t8f4Ug,0.83410316806066
452,oNeGDSexahJl60N7DhbfDe2S0opENqrzIislbyQd7C7USriOHJqRLkwP4sEjNaYb1HuO1X77AOYSYA,0.4692292535818419
453,oYXek15v7ORSQKo5VDAVKviLVrbcrQrHIMqqA_PyCxJvXVspzfRRFs6QZHPT3kKWSlCcEpQOKREyEQ,0.4939128533184185
454,ofapyMDHX_952Nl1hC7ey-vo5GYqCzAfllcQvdGbncjBx8u93DngFx6I72a_us-eFbYZhsvswDqXzw,1.5013982509181867
455,oiIkf8HBGDy0bi3iquBiaEfGi07BRK1MVHtXr1h39slwzn_rygww7shBTWHWa8S_F4hyGcImSzAvkg,0.2822962799217809
456,oyUKFoLM2JlToE3Es7ir0mA2vrsKf6cLU-5kBBaC_cynB94xRmq6wrqw6BlG8Byml-j2lArXnn4IYA,0.9603670759616781
457,p0vz127bm0DEjt3lEB7RG43P5VMy99SZ-cp99hs2KF5aTVIVBykF6AUBTsaOd9COiQ2IN4hZZI6uqA,0.4695409910171021
458,p4uh9SVXQiZoH-1ru4d82ghB4p9Ti9Ss0XtxAvzEb9d8xT6pNGHXUs_JusauKbE3weCumMbo3BlQ7g,1.33693594059114
459,p9tY2e1IKz4h5KI61uCSXkmsffH9-Qlz5dPpgIsNv5kzhVEz_t9ulildiQL-ptQ-J8nA5BMGxHRAYA,1.161404112178093
460,pN_sqcaivy50dE1wisjfhcsol0isPAUaBIslmsAkObU2MSO8mG2UmpMfvDj0vQYWumDXQHAHFK356w,0.8697387215272596
461,pZje3gw5KPEEwfauZh-p6drfLV-VM10Irn34bWnX6cMG6zTBAJKglgxAr8VGGMWqYUFyaLb7ThmMLg,1.10182530106809
462,pjHJG5hp15V0tUBDT4hUc286X8EtPSyCwuHvdmmdvYortLx8dSBUuZ9AxVjUOVzmlvyP4I19xpbUBw,0.9546129149809727
463,psmfw2tA-PA_wJqRLgfomq5dkH8fe97NOqJMjKu3pvCawMYNLW7S7i6oLaCvlOrnPltxOLyRGvkW_A,1.0383109610397296
464,pwRzMgyqE-9mtC-6Nl-AC1mWWbVeuNFoaKG0YHX0EvmuGCIJ1o1DQJsROTABnqmnsuBmAAmrnFbiPw,0.6194957064394064
465,qIKLjAcO0dPx7sYxXfQspM4IUCp32tpeqTW62GpoPEpZ61UUUmclEHT0i5J3L18w1Y5_tacijsm1Ug,0.5567140590148305
466,qJdQ60_WvlKfRJxwzg8eOyV6yu1SfVy14rnae_Ihu3UCVP3wgu4DcDx0HaHexCqeJem3T5Rc8krTfA,0.9448256203879019
467,qLpxQ9T1lXCd2Jmy02zaJ-WaErgnfz4xS-BAZnk-1OdUBG_DvwDr12eFkmFRvss6_Fmqu5FDUF3Pig,1.0913575703679
468,qWLcz7wgkbFLjmK1PX1eiJefIjJbSflGDvod3yy5ciC-pQFg513iAvID6sZGRIZgRoyqJ24jmXQTAQ,0.9975150642319744
469,qa5JaF7NOvvR-f7E17XBeQzvJFCexVbB2tpAXRWyZEEk9DZifLFSN6D2qALjn0tukURAoSC-h3pe_w,0.7695243354095174
470,qcXjrWSRkPhVO7qrmJ5FnQaKTUHEHoBMAki-gz03rZj9PI5wZPo7-kkpiSC67-Pt0-T97-MxgFsQxw,1.3677000309334417
471,qdTjn3n8rJMhPK4EHG32D7ahf_4k7-h839nCGI7vHg22IG4dv0pKDBZJTBKX4GL6vjr-lgioQNJA7w,0.6379930170244388
472,qsBzBmE4yhn3mV63bQnpG6iSZvi5FLttwVVhoXRUgnA45Qt8_rrVO5u_1MZRenM7GCsVldFvkjQRkA,1.1150641178284786
473,qsHxcsuKko7HXyXAXsdsTIWzur3r4qP1V9qTAggQbff6bLjYqkApV_VLzawWmyuwaRZ4mCkcv_oFjw,0.5457238661649275
474,qtpS7_Qo2vKULXRSsYcHZ29nZmIpOEfJL5EHUoZA4tZ_SDD47_QaY8JtuJFiBEWf3-pmlhI7aEDGHQ,0.9553805104983542
475,qvTnduEyon03ZvfHiBBnQc3caIS8NyVgGWF_Od5QnkplyXWbh8OEsuHtonwE0xSyej5HFsAeiLuiLg,0.7093825943329144
476,qxiWUnAbhqIh3dgG369gdvy_p2V71A5Tpw7VlGL-JJ4vn2V2P060R9tWWe6H0DUiSxzzb3ageq18eA,1.1611054474872295
477,r-X3RF7RHKQBicOfpHNzsQNVzJeeNM_0nnT4ZFXqa51tStDTyLXrF5mvBM0T4SIRZb1Sm7n4BFMS5g,1.3885680966681826
478,r1BHhhzoLTUM_2gMu-hlPOOQvwuePBoo1yuCKHkenjZ4FqFV128l_NtMUWVFOCYLF4Af7OGDSHSj6g,0.6856007282045523
479,r1wrrRjhW_wgsxKfVCtk9PGSoL9mJHd-GuOCPyAIKDbDKxA_isYxrpz9N1HR4qq5wRy296DOoa4gcw,0.667938036111067
480,rIZw6aJgScQ2fxvJ7L_0WFCfMM8RmR-OD3IxUaV6oUjJYsYf-WGiDoKaHgGScEL4i9haPv7B5Hiy5g,1.1548380525168354
481,rJKWInzNsbQICAjGpUYLk1_QEe56zR1MQ0s7KXc7b8fuYMxtt0QYeTMYmucCby6o-TfbIuOi9b0xXw,0.9679681900431301
482,rP_CPzf0kKA-dugJaF0TPTImoJQTLxCdQ8eHJ9MnltOA6PcGAA70GkvQ4lBjlC_XVvOiqAM4B9t58w,1.2909322932996177
483,rSF3RSfaPqfWTym3AKgI9bvEqA8xeCQimG3TIGbN1G-ptBbcOZfcMhEoUamwcuz2KAhulMDA-qCjGQ,1.0913489605094842
484,rV-ijfc9F_u2IjWHcTiH4skQcI1TeMPnYUW5bIjCnt3_18D5tvwjW188Z7Pny9I8dP3Z-bf4mYZlSQ,0.8255649238523993
485,rXPrMNU0pKO57_0BNAUS7E092JNTfBoGILHxPOBcQsvNK556iAu4fUpqeVT8C62SuAfPadfqWWE7aw,0.587090993094334
486,rYX5NNRVYkGYdF-62Hih7taLcB5D7N1Wfk2AKY3OwkVxSBuIkcO21K3CMoF9AwbjkEpz_xaBG6RPkw,0.6052999328446045
487,r_uBjknHlyIlWgRJXkZym3ep7ZvtUugRd7KM5cDFignwTZFKFXgcWKl3qDc8aODfDODXfAKWErvrYw,0.5214652816847912
488,rcL-bdrUEHnVTamwKYvVqt29TCmDFzNvfpfyXzBSRQGmzgoXrfWoLcAMnfNq2el5qGsA661GT9nRWA,0.911853227995149
489,rjjo-QxPZjRmwNeG4OH4Ratt-wTgLEoweNAv2JRFcigmICnGuMOh8G3xJCBoWJAIV0qwrB6KIlfEtg,1.090079361785688
490,rjyYHqUl8ICY9QBFHxPVA9VKbL6klZIHBpMvlUY_CryHJw3DDjQUj6YHcMZbWHbN-p-VHVU83kM0Wg,0.5826742972748162
491,rwYZaUT90NyC2eXaZrxslMYRaaiTZAcw_UiVKk6brWpdfkRj3ilNNtjSsrgMvTvYG3_xnl_pcQusug,0.5711437309796576
492,s0jJGFHKFEa2ycykR3ibpD7DOT7jFiPBwN0IDFZ9WqvbGC1nskKUSMy01leI4z0K6w2UYf7xiDEwzA,0.8741905675242644
493,s1kDcO41GW-eU_rM1mLZdGgPpblhHyt-hUHuCDWUClgoMtXMst4td0znOCAS7in9s7Q1eI-anaWCFQ,1.0354218123459225
494,s7DTslWQiLhh_A56ZsMhhMpfgTTRllZhVu6FN9K2sGOiksCLWwOWThMRGwLHfkDD0CkB6g9ltayQ2A,0.612216550246943
495,sHudVINT8amaEHAU8SLHpZXcgd9XDcOAPUZuwRQbISHxu6Jc07lIODBlXSdtde_Z5xo7M-aIqTEhmg,0.7599770239489855
496,sIuDoxeJW2rvRAjzyAfwc5YAC1v6IZ10oZMapYjajS1rp43ozkdu7q_R7J-JvGikgH_96Gfm4W0z7A,1.0690818981278822
497,sOwymvYNrdiR9efkitwRDDCwtMVckdZb4GsqHekiG0xJt9Cgq9_xVPSzQCe2TXwuFGhpxUNaIUghfg,0.4905896712286804
498,sRRql8sNQrD-S479WcfXCX4HRmh5udTZoF51oZdeNtbQLl9wSmf8gv4uEIKM-u-Ev67OpiuLAWaMcg,0.7829711480022271
499,sTwYlgeIxIoqHrCs1_oJ1WCxQqGotmltIyDqgNrM6hhICmlVl2QYCgQVgN4eBCRkasBBaexHIa7ySA,0.9881829015049644
500,sZXmDs6kllZ5e_23XQg2q6C3pgFwk30lMvXjsWCOfawHVWTI5Y6pHdkXoUKiUoYSaCz2VAdZ-TiVNw,1.1333296585290968
501,sj4MFfyrjBgOMQdzX5e0JLaiHgZT50fLLWelDmER2Rjc5BBRQuT3aTlbNucfm_gB3l97IoY7IeXMdw,0.9834541515185499
502,slsbq7ZZ5XUq-uGVQXQCHV2CWcGVg-EjzrRjtD4OS03hxE28Z01NQbs89-v4B-jInTLv9juXYfe4-Q,0.6163645641288684
503,sp0wyWBFoMaEueeAKaxzuYfZ9GEnmTdoNOSA22Wxcse49Ciu0YSV3Zmv_ygQT13tFFhgOwmQvesOaw,0.5484152189076376
504,suajH6poSQwsR39q9ysX3irOjzkFizzRMs2fIWzCEJWLt82dAIFlnOWzDiqJ7P2cg2Eahi-z6Vcsaw,1.3529046932633884
505,susPmNRc-6rRt5mBjSBTUorNgU42pwczsKClIMYzOU7zs63RezygH0M2rSsvFIIeOi_gGecdDP3ALQ,0.8814072437539123
506,syu_HBrlJdftmUpy__GCCTyylSfyNLfcSHd1wKFakHqGrTliH0-HbzGI3NhJOFha8fy8W8LVRyt32g,1.0783484251723319
507,t5ZleoMthTJJenAkTamoCFyA2Ty8MQymZe-ltqItiaNUQOm-hM1aivGB7GVMzP-AdXg4W_p96lC26Q,0.5616801929677984
508,t6REuizOAMjH5z1nOkCWh56RWGKiNOjQoG50IEupkVJW95ux8AMelE21KzldAUuMnGCVc5TDCR-PLQ,0.5684384499342934
509,t8YVse8wGNNjMAD4oNEeQ-WVkYIQ_nQrfrGScezx7fSK_LmqUn7UPjWl827lHyWoi2n7JQ0MGMzQ8Q,0.7139198157460476
510,tAVsYklMIpBceQqEyETXK-jmqCZK_Yf0Y5ReRY5ygOcD9T-v7gNitQSVKTIcOVQYgG94MZFpuwS87g,0.8784811561681968
511,tSwVjHB4XUojyQA_6w4URkIEsq6bgzWf3cpA4-QEuhLLald2lL5mVyOUbBbcMHfX-xH4cj665YCu0g,1.0090661666143488
512,tXzzhWVwUA65r6FrR4VeEy865eCgEtPfdownjsG3SGKtL3sQN0THTK0MLYhpte6h_-24Aw31T_IXyg,1.381468468175365
513,te5z7mtDHC2YzrN72tGFpZYyDKqkE6xbAJQ3Rg7_hJ3efHmqyc46mTeYIY0NpFJ6wvBrqrsHjQbryQ,0.88404545892444
514,tkeFBi2h9Z4jys8qdsepC3iYZJKXwKEUGOUf41-JFAAy0uA8VXauqSGDRjb4al3ar46ZXwRAlCiD2A,1.1455032006593557
515,tkq1cHNKXRUrQDCHCLWR6sGEc8JZg670i7z9zWdpIP-mJiGEXbQBITDeZMbOHqhQ5rXnI3oqD1kSKA,1.5582726731601055
516,twCMufNPRMr34N8gKUwOijclwuFGQgUtUTjmT7IZ_HEORa5v-DZ-yCXpL9Yznbx2yjbp57iT_HE4JQ,1.0003753385290302
517,txmx38ca-94lLyJbzuaYeMoT0kfmuiZdZ17UwsXY3Ed-n0Ji2QOY2Ogo8EJMchGmIyBRVa5LudL4UQ,0.9531223197845932
518,uE6ZZXMRakYqZTtjvh3ACPZRVTqeLClbSXrjrCp0WPiqe_5zmAY-KJaHj0BGR47olpYwBRWfZh254g,1.0404013638590779
519,uGVhJuifFbfgdYRC6yWvP7LyJ0hTyaYyRQ14LKZtuS0NhE3HHxj_mrlvYGL-ExlF4FJvxbBLtU4EzQ,1.042723505604829
520,uSeUxTgSkenAYXVg20MeFQQ59IKcfZD1vTh1-7_hBR3KnIjlV82nEWhz9k_VhEM5XuFK6yT0PsWrqg,0.8285709275439319
521,uV0TyuSz6t0jVrT7OMSyhBpU7Vur-TAxcrqtr4OJN9831pbdx03xOBHXQxS_9deYiboW-jav-9ml2g,0.5844136099536636
522,uXkuvCmKes8vUDfEY6mVcaTLAsaIuw7lU9WgGufmu5s-jPxSb3VqKVYLl1c9qxWStPKQDWPELu37vQ,1.2260720599702783
523,uZcY9NC9daiNkTtZsC31BMWJ9-oaJGyq3S4xVIv9TJH1j_lF5ZzvLtjx9_hxS-9Wq5rc_jgDdFkDJg,0.8790305540336145
524,ubntdEih36xA7lIJmvR4mzT0ZWD1IrlVlmx5_otA6Ucfs2GZX5jk8tj2bweftM3g3yWEUGBX9B_3rA,1.1552658307170016
525,upMlgifkUnE_zdyn7oDdvmq6JEqO7hyLwCfHE417f-k1gTH_G4RZRK06nW-_p6c9Prkl0DIhLYIDkA,0.855754786978534
526,v177g-rEVx23t5cGenTjXzuQ04oD_c1FuyrvIFcPx8crqT5QNvcDvBQQydzxuBWzNKXbkVtyfgI46w,0.947376548131278
527,vAQPJuQptbBMfUYCx_EoMzzco9ZPE6Kw7mHHqpm_gLvO2BwZUbx5xHoesGKqwaIZ0HAlezyu77fpbg,0.6847412282744066
528,vFBSNg3IhwKFPLcBlbvNTet-kXTX1h47cbdkKPPGq9M1oKJWi1Z2y-IscdLM_Bdp5qqUnUJo1J9EXA,1.1781113836765864
529,vJxP4xUZPBzGqmWIBktRpB0nKni6ngTLQnxOFvjHvegIIamcVefkjCMmevym3-SdhbvlaU-5B0UaVA,1.0163336910899892
530,vNyF-z7S29S8vTBVu269J6tdSD0Atg9h0MKCiGGutVlfeo32ZHFasiNCkUpuLIvPEoTAddzTRgaQQw,1.0776649586804263
531,vW-ZrQEVMlm2rIWxqsgnpOT72x1cdIsxElyAdUsK_-S3502V9m0jW2GDC335noksV3lWDY6UrKUYhw,1.1310540800859648
532,vjiCOaNlPVhLZx8vZudj--FHB0qf2fEVP3ACk7T6fBhKJJjkmga4qJhKLLOZKOeKnB0Co0WF8h12uw,1.0612039780686704
533,wGCZjOSF5eaiSy-t5NfCEAL2K3b23S_CnpkkQqc0XOK0jxnK1wdvySTQrA4yCQJ3c18nGs4vku6INA,0.3819010386956188
534,wTkaOWGsXkMdarDRw652GAXwMIJ5F-Or6va6hGV8GbJ8Kp54CSK-FaB5o8VoTD6wfZ-QnmY14snfhA,0.6738069600269333
535,wUgF7uwfl2lATQ_TDCnzKCaIWaZAPjgNNYq3ZzFZ1a5p6ANdU_OIQpyW-bq4QHAjjqlXDg0zxdjN6Q,1.2919653314311326
536,wWPELvD_DD8BY_1GhIFDn4kMLyU_s_cByhNYT9MQhR3MPPn6jLlVWE3p0UuJjHTzoidamodT5bsU9g,1.4054018999341775
537,wZdq1AgXAb-OjfsjJFmcHMEW2-tJmwJfTTIpsuuczSiyBAwyGcpOcahBiYXINY7llu5xUqNHNZQ-0Q,1.0439889447568864
538,wjCcWUaeYMHUE4LgUQicWEJJ4GDJWdxVuxaXC5oYSVYDBhD7MachXgmo4SiGTa7vdxVFNiBnFNlfkQ,0.6569060085668386
539,wntyEarOegxk5LDuJ0OoK280dZWiLdsZbyyVkw8DfqHzLdz5QkzC2IoTQ9Ekl_jXsAYRfnhjTkE0_A,0.4518385784742364
540,wtQt-lvs6qJ4vjmeK0V8Y8tLWk_8i-slWSTt9gpjiPNP41ii3CIZK4BFzmc33vHTbHoU56fUYL5p-w,1.056482131744558
541,wumlOkQyVojUWU5q4WpXvFj7fEo8Kh9hy7u1N4dcsiEDHwd5j7rTMcaDJYG9NwcST8uQCkEUttaBYg,0.5792338618831552
542,x3Hc7QyuyZt06nNpQqf8ErBmoFFruNEFMCp3_Fv-J1WeFe2jANWKievTa0ytvEQIsI221_EJ1LtxpA,1.1217410187725354
543,xCR3urco7-6wNZh9xmuZToiSI9aDbw37GedlrHrC8Aq_p7QAfK6LbTO7rzhyRT_ZC8X69dgezNBEug,0.9914600631386233
544,xIUh-MgcygaLiLsUXgpzsibt-YKzhYy9LoL1Kl69oCfJwcMbwmq7Vi10v9kLtYUkgcfHhlsBaCk1Cg,0.7128892525673077
545,xM1Ax1H74I50_qrbE7FR685PnYVn5bpY467BUFM7gK3hInwMCkqVCh-uzgLWv42AsZnF0xNmgxw6OQ,0.7589962563418943
546,x_DQK1mP3RawK9TK3mouA0SaA_TilAyzXiWIKcU0COFwb_eg7EwaaIIi29Ce513CZWtTR1edu63x_g,0.7760374878934138
547,xty_Q-w4W7EQQZUW3_vUCIe0MZRs2hWUtkfUGAfViFwql9Um00sOW86rrqaAQPDB4c-A1myvJt8NNA,0.6285691091868039
548,xwTLyOUu_HIbAr5gnBiaRcfiRCWntAnBXigduGmQ-F6fPZmWP4ID7RHcCd-uM70gimXmrkFEU5bhwg,1.1804764748488705
549,y0tjBDDVal35pE7yCPqfjK0B7bU7sAbJyFfrVlXIutyhdL70nAlHtNiyRq9_L0pYi6njsfxYyeOqAQ,1.0063359638740677
550,y4XJXMMwRP1vzKgFVm5DBko2GSTvxyts--l4X_ApMVx0AO3XiPT9HWAdY96s2SF_nKgEgTwHHlfAHA,1.0044775428291848
551,yEZI3FJriW_j1GSL5agMpK7iJRsm8aA5Ju0YFdtG0lNqa-wT8FEOCGsZ4llBf9MtHqveZyw3awHn4Q,1.0143441197913032
552,yG0xHXoyCahwdzYKiO2RDWkvGyTcVkU-4-VhHAzTR7kf86D9CUurhbDWUF4dtWl84wxm-goJcdAlnQ,1.0301111530225424
553,yNvoGwofD_6NXfsiHDqlbo3UTrRbYrc6RPYGx7_0XzZ42j0y58XfHdrFiTbUwi5oqPyY05M_pG0TIg,0.7184544473901199
554,yPzx9Sr4FoGPaDjaGnQM-6CGZ_3AmxslQ3jIU-LGausZ0Fp_Ue8cNOXygEjokLEox9y29pQXN-JedQ,1.0246748905218062
555,yet7gPUS6Yu21RtOBt7Sext9YjOXH-cc4h6erWgu8fdtIIrTy0GrbISSRvOYW1Tf6yqa54N_BYiswg,1.1605611899548398
556,yhD7Mz93Z5pTZqHs5KU8IotgQrCvoCJRczl4Ci3nNKKJgVIt2JwRjEt_UIGhJIDWnkPhSWjiRMO1Ug,0.7493295406827167
557,yqUUz87v_cV6CBsEg_TYzbLKwP8K-_yJfFG77VJgchjPlPo4O4uBmfQukIrs3DzcjKSovWDHGEU7OA,0.9073941555612255
558,yxYn0-A8L9n1-Iqt0euRxH-XQFxZoplv-A0HJZ2AVgESXc4pjEyZ9AYqF20bflkJ2FXL1MT69rbkxQ,1.2315461855338063
559,yyQsqQSZWnIFIv4Sh9IGE1HmSN_yqkv_bnVgyu1RumSnmLQ3bOHqMmndr3iqqJBk0RUXGUEOq5La7w,0.7503165047466427
560,z3htW7wwSbe7nNGAsn95M1pSh8DrqIDFyvzpEfDEz8leD6ltjPV7LXVM3b0AYWjuqIU12T1vSaCgjQ,1.0746298330055504
561,z68j_Ck9t-Pyf7F8JOihepRuwoO-6fTbc2J9XT7KASG9kBPwWS9aUS-CwFzcpmrBluVamRAVtvQBOw,0.6724254914706004
562,zC-7bSb8DLnlE-gfF3ozLFFN4cqlG4PfE6je3_MYjdFv8pmTae5hVGM2IUd4-ri0_ZdDcZE8lMm65g,1.0358015093973472
563,zNgDF_J3in9fwNElnQSlhVZZO9CPlrbKaAxOuVxr3pGdIOGn574MBBeLpAD1wnsGXgM5ZqT4ozFAgw,0.5200774404635198
564,zrNWTkOwIiUPPCwQ_VcENXw8EqVqiDGOvCDhRS-0e9lNcEHquVTe0K_f-7T0UZdaF_KfZXGhoGzpnw,0.9817900850055602
565,ztC1Lmb7GZiobx91qTqILbgj5jpzr2oilRfT_xXkyjUfZ4SrXJNG9OcGW8RntafxFw-cYHBo0Voiuw,1.362366642965602
